,z1,z2,z3,z4,z5,z6,z7,z8,z9,weight,k
1,0,0,0,0,0,0,0,0,0,1,1
2,-1,0,0,0,0,0,0,0,0,0.5,2
3,0,-1,0,0,0,0,0,0,0,0.5,2
4,0,0,-1,0,0,0,0,0,0,0.5,2
5,0,0,0,-1,0,0,0,0,0,0.5,2
6,0,0,0,0,-1,0,0,0,0,0.5,2
7,0,0,0,0,0,-1,0,0,0,0.5,2
8,0,0,0,0,0,0,-1,0,0,0.5,2
9,0,0,0,0,0,0,0,-1,0,0.5,2
10,0,0,0,0,0,0,0,0,-1,0.5,2
11,0,0,0,0,0,0,0,0,0,-8,2
12,0,0,0,0,0,0,0,0,1,0.5,2
13,0,0,0,0,0,0,0,1,0,0.5,2
14,0,0,0,0,0,0,1,0,0,0.5,2
15,0,0,0,0,0,1,0,0,0,0.5,2
16,0,0,0,0,1,0,0,0,0,0.5,2
17,0,0,0,1,0,0,0,0,0,0.5,2
18,0,0,1,0,0,0,0,0,0,0.5,2
19,0,1,0,0,0,0,0,0,0,0.5,2
20,1,0,0,0,0,0,0,0,0,0.5,2
21,-1.73205080756888,0,0,0,0,0,0,0,0,0.166666666666667,3
22,-1,-1,0,0,0,0,0,0,0,0.25,3
23,-1,0,-1,0,0,0,0,0,0,0.25,3
24,-1,0,0,-1,0,0,0,0,0,0.25,3
25,-1,0,0,0,-1,0,0,0,0,0.25,3
26,-1,0,0,0,0,-1,0,0,0,0.25,3
27,-1,0,0,0,0,0,-1,0,0,0.25,3
28,-1,0,0,0,0,0,0,-1,0,0.25,3
29,-1,0,0,0,0,0,0,0,-1,0.25,3
30,-1,0,0,0,0,0,0,0,0,-3.99999999999999,3
31,-1,0,0,0,0,0,0,0,1,0.25,3
32,-1,0,0,0,0,0,0,1,0,0.25,3
33,-1,0,0,0,0,0,1,0,0,0.25,3
34,-1,0,0,0,0,1,0,0,0,0.25,3
35,-1,0,0,0,1,0,0,0,0,0.25,3
36,-1,0,0,1,0,0,0,0,0,0.25,3
37,-1,0,1,0,0,0,0,0,0,0.25,3
38,-1,1,0,0,0,0,0,0,0,0.25,3
39,0,-1.73205080756888,0,0,0,0,0,0,0,0.166666666666667,3
40,0,-1,-1,0,0,0,0,0,0,0.25,3
41,0,-1,0,-1,0,0,0,0,0,0.25,3
42,0,-1,0,0,-1,0,0,0,0,0.25,3
43,0,-1,0,0,0,-1,0,0,0,0.25,3
44,0,-1,0,0,0,0,-1,0,0,0.25,3
45,0,-1,0,0,0,0,0,-1,0,0.25,3
46,0,-1,0,0,0,0,0,0,-1,0.25,3
47,0,-1,0,0,0,0,0,0,0,-3.99999999999999,3
48,0,-1,0,0,0,0,0,0,1,0.25,3
49,0,-1,0,0,0,0,0,1,0,0.25,3
50,0,-1,0,0,0,0,1,0,0,0.25,3
51,0,-1,0,0,0,1,0,0,0,0.25,3
52,0,-1,0,0,1,0,0,0,0,0.25,3
53,0,-1,0,1,0,0,0,0,0,0.25,3
54,0,-1,1,0,0,0,0,0,0,0.25,3
55,0,0,-1.73205080756888,0,0,0,0,0,0,0.166666666666667,3
56,0,0,-1,-1,0,0,0,0,0,0.25,3
57,0,0,-1,0,-1,0,0,0,0,0.25,3
58,0,0,-1,0,0,-1,0,0,0,0.25,3
59,0,0,-1,0,0,0,-1,0,0,0.25,3
60,0,0,-1,0,0,0,0,-1,0,0.25,3
61,0,0,-1,0,0,0,0,0,-1,0.25,3
62,0,0,-1,0,0,0,0,0,0,-3.99999999999999,3
63,0,0,-1,0,0,0,0,0,1,0.25,3
64,0,0,-1,0,0,0,0,1,0,0.25,3
65,0,0,-1,0,0,0,1,0,0,0.25,3
66,0,0,-1,0,0,1,0,0,0,0.25,3
67,0,0,-1,0,1,0,0,0,0,0.25,3
68,0,0,-1,1,0,0,0,0,0,0.25,3
69,0,0,0,-1.73205080756888,0,0,0,0,0,0.166666666666667,3
70,0,0,0,-1,-1,0,0,0,0,0.25,3
71,0,0,0,-1,0,-1,0,0,0,0.25,3
72,0,0,0,-1,0,0,-1,0,0,0.25,3
73,0,0,0,-1,0,0,0,-1,0,0.25,3
74,0,0,0,-1,0,0,0,0,-1,0.25,3
75,0,0,0,-1,0,0,0,0,0,-3.99999999999999,3
76,0,0,0,-1,0,0,0,0,1,0.25,3
77,0,0,0,-1,0,0,0,1,0,0.25,3
78,0,0,0,-1,0,0,1,0,0,0.25,3
79,0,0,0,-1,0,1,0,0,0,0.25,3
80,0,0,0,-1,1,0,0,0,0,0.25,3
81,0,0,0,0,-1.73205080756888,0,0,0,0,0.166666666666667,3
82,0,0,0,0,-1,-1,0,0,0,0.25,3
83,0,0,0,0,-1,0,-1,0,0,0.25,3
84,0,0,0,0,-1,0,0,-1,0,0.25,3
85,0,0,0,0,-1,0,0,0,-1,0.25,3
86,0,0,0,0,-1,0,0,0,0,-3.99999999999999,3
87,0,0,0,0,-1,0,0,0,1,0.25,3
88,0,0,0,0,-1,0,0,1,0,0.25,3
89,0,0,0,0,-1,0,1,0,0,0.25,3
90,0,0,0,0,-1,1,0,0,0,0.25,3
91,0,0,0,0,0,-1.73205080756888,0,0,0,0.166666666666667,3
92,0,0,0,0,0,-1,-1,0,0,0.25,3
93,0,0,0,0,0,-1,0,-1,0,0.25,3
94,0,0,0,0,0,-1,0,0,-1,0.25,3
95,0,0,0,0,0,-1,0,0,0,-3.99999999999999,3
96,0,0,0,0,0,-1,0,0,1,0.25,3
97,0,0,0,0,0,-1,0,1,0,0.25,3
98,0,0,0,0,0,-1,1,0,0,0.25,3
99,0,0,0,0,0,0,-1.73205080756888,0,0,0.166666666666667,3
100,0,0,0,0,0,0,-1,-1,0,0.25,3
101,0,0,0,0,0,0,-1,0,-1,0.25,3
102,0,0,0,0,0,0,-1,0,0,-3.99999999999999,3
103,0,0,0,0,0,0,-1,0,1,0.25,3
104,0,0,0,0,0,0,-1,1,0,0.25,3
105,0,0,0,0,0,0,0,-1.73205080756888,0,0.166666666666667,3
106,0,0,0,0,0,0,0,-1,-1,0.25,3
107,0,0,0,0,0,0,0,-1,0,-3.99999999999999,3
108,0,0,0,0,0,0,0,-1,1,0.25,3
109,0,0,0,0,0,0,0,0,-1.73205080756888,0.166666666666667,3
110,0,0,0,0,0,0,0,0,-1,-3.99999999999999,3
111,0,0,0,0,0,0,0,0,0,34,3
112,0,0,0,0,0,0,0,0,1,-3.99999999999999,3
113,0,0,0,0,0,0,0,0,1.73205080756888,0.166666666666667,3
114,0,0,0,0,0,0,0,1,-1,0.25,3
115,0,0,0,0,0,0,0,1,0,-3.99999999999999,3
116,0,0,0,0,0,0,0,1,1,0.25,3
117,0,0,0,0,0,0,0,1.73205080756888,0,0.166666666666667,3
118,0,0,0,0,0,0,1,-1,0,0.25,3
119,0,0,0,0,0,0,1,0,-1,0.25,3
120,0,0,0,0,0,0,1,0,0,-3.99999999999999,3
121,0,0,0,0,0,0,1,0,1,0.25,3
122,0,0,0,0,0,0,1,1,0,0.25,3
123,0,0,0,0,0,0,1.73205080756888,0,0,0.166666666666667,3
124,0,0,0,0,0,1,-1,0,0,0.25,3
125,0,0,0,0,0,1,0,-1,0,0.25,3
126,0,0,0,0,0,1,0,0,-1,0.25,3
127,0,0,0,0,0,1,0,0,0,-3.99999999999999,3
128,0,0,0,0,0,1,0,0,1,0.25,3
129,0,0,0,0,0,1,0,1,0,0.25,3
130,0,0,0,0,0,1,1,0,0,0.25,3
131,0,0,0,0,0,1.73205080756888,0,0,0,0.166666666666667,3
132,0,0,0,0,1,-1,0,0,0,0.25,3
133,0,0,0,0,1,0,-1,0,0,0.25,3
134,0,0,0,0,1,0,0,-1,0,0.25,3
135,0,0,0,0,1,0,0,0,-1,0.25,3
136,0,0,0,0,1,0,0,0,0,-3.99999999999999,3
137,0,0,0,0,1,0,0,0,1,0.25,3
138,0,0,0,0,1,0,0,1,0,0.25,3
139,0,0,0,0,1,0,1,0,0,0.25,3
140,0,0,0,0,1,1,0,0,0,0.25,3
141,0,0,0,0,1.73205080756888,0,0,0,0,0.166666666666667,3
142,0,0,0,1,-1,0,0,0,0,0.25,3
143,0,0,0,1,0,-1,0,0,0,0.25,3
144,0,0,0,1,0,0,-1,0,0,0.25,3
145,0,0,0,1,0,0,0,-1,0,0.25,3
146,0,0,0,1,0,0,0,0,-1,0.25,3
147,0,0,0,1,0,0,0,0,0,-3.99999999999999,3
148,0,0,0,1,0,0,0,0,1,0.25,3
149,0,0,0,1,0,0,0,1,0,0.25,3
150,0,0,0,1,0,0,1,0,0,0.25,3
151,0,0,0,1,0,1,0,0,0,0.25,3
152,0,0,0,1,1,0,0,0,0,0.25,3
153,0,0,0,1.73205080756888,0,0,0,0,0,0.166666666666667,3
154,0,0,1,-1,0,0,0,0,0,0.25,3
155,0,0,1,0,-1,0,0,0,0,0.25,3
156,0,0,1,0,0,-1,0,0,0,0.25,3
157,0,0,1,0,0,0,-1,0,0,0.25,3
158,0,0,1,0,0,0,0,-1,0,0.25,3
159,0,0,1,0,0,0,0,0,-1,0.25,3
160,0,0,1,0,0,0,0,0,0,-3.99999999999999,3
161,0,0,1,0,0,0,0,0,1,0.25,3
162,0,0,1,0,0,0,0,1,0,0.25,3
163,0,0,1,0,0,0,1,0,0,0.25,3
164,0,0,1,0,0,1,0,0,0,0.25,3
165,0,0,1,0,1,0,0,0,0,0.25,3
166,0,0,1,1,0,0,0,0,0,0.25,3
167,0,0,1.73205080756888,0,0,0,0,0,0,0.166666666666667,3
168,0,1,-1,0,0,0,0,0,0,0.25,3
169,0,1,0,-1,0,0,0,0,0,0.25,3
170,0,1,0,0,-1,0,0,0,0,0.25,3
171,0,1,0,0,0,-1,0,0,0,0.25,3
172,0,1,0,0,0,0,-1,0,0,0.25,3
173,0,1,0,0,0,0,0,-1,0,0.25,3
174,0,1,0,0,0,0,0,0,-1,0.25,3
175,0,1,0,0,0,0,0,0,0,-3.99999999999999,3
176,0,1,0,0,0,0,0,0,1,0.25,3
177,0,1,0,0,0,0,0,1,0,0.25,3
178,0,1,0,0,0,0,1,0,0,0.25,3
179,0,1,0,0,0,1,0,0,0,0.25,3
180,0,1,0,0,1,0,0,0,0,0.25,3
181,0,1,0,1,0,0,0,0,0,0.25,3
182,0,1,1,0,0,0,0,0,0,0.25,3
183,0,1.73205080756888,0,0,0,0,0,0,0,0.166666666666667,3
184,1,-1,0,0,0,0,0,0,0,0.25,3
185,1,0,-1,0,0,0,0,0,0,0.25,3
186,1,0,0,-1,0,0,0,0,0,0.25,3
187,1,0,0,0,-1,0,0,0,0,0.25,3
188,1,0,0,0,0,-1,0,0,0,0.25,3
189,1,0,0,0,0,0,-1,0,0,0.25,3
190,1,0,0,0,0,0,0,-1,0,0.25,3
191,1,0,0,0,0,0,0,0,-1,0.25,3
192,1,0,0,0,0,0,0,0,0,-3.99999999999999,3
193,1,0,0,0,0,0,0,0,1,0.25,3
194,1,0,0,0,0,0,0,1,0,0.25,3
195,1,0,0,0,0,0,1,0,0,0.25,3
196,1,0,0,0,0,1,0,0,0,0.25,3
197,1,0,0,0,1,0,0,0,0,0.25,3
198,1,0,0,1,0,0,0,0,0,0.25,3
199,1,0,1,0,0,0,0,0,0,0.25,3
200,1,1,0,0,0,0,0,0,0,0.25,3
201,1.73205080756888,0,0,0,0,0,0,0,0,0.166666666666667,3
202,-2.33441421833898,0,0,0,0,0,0,0,0,0.0458758547680663,4
203,-1.73205080756888,-1,0,0,0,0,0,0,0,0.0833333333333293,4
204,-1.73205080756888,0,-1,0,0,0,0,0,0,0.0833333333333293,4
205,-1.73205080756888,0,0,-1,0,0,0,0,0,0.0833333333333293,4
206,-1.73205080756888,0,0,0,-1,0,0,0,0,0.0833333333333293,4
207,-1.73205080756888,0,0,0,0,-1,0,0,0,0.0833333333333293,4
208,-1.73205080756888,0,0,0,0,0,-1,0,0,0.0833333333333293,4
209,-1.73205080756888,0,0,0,0,0,0,-1,0,0.0833333333333293,4
210,-1.73205080756888,0,0,0,0,0,0,0,-1,0.0833333333333293,4
211,-1.73205080756888,0,0,0,0,0,0,0,0,-1.33333333333327,4
212,-1.73205080756888,0,0,0,0,0,0,0,1,0.0833333333333293,4
213,-1.73205080756888,0,0,0,0,0,0,1,0,0.0833333333333293,4
214,-1.73205080756888,0,0,0,0,0,1,0,0,0.0833333333333293,4
215,-1.73205080756888,0,0,0,0,1,0,0,0,0.0833333333333293,4
216,-1.73205080756888,0,0,0,1,0,0,0,0,0.0833333333333293,4
217,-1.73205080756888,0,0,1,0,0,0,0,0,0.0833333333333293,4
218,-1.73205080756888,0,1,0,0,0,0,0,0,0.0833333333333293,4
219,-1.73205080756888,1,0,0,0,0,0,0,0,0.0833333333333293,4
220,-1,-1.73205080756888,0,0,0,0,0,0,0,0.0833333333333293,4
221,-1,-1,-1,0,0,0,0,0,0,0.124999999999994,4
222,-1,-1,0,-1,0,0,0,0,0,0.124999999999994,4
223,-1,-1,0,0,-1,0,0,0,0,0.124999999999994,4
224,-1,-1,0,0,0,-1,0,0,0,0.124999999999994,4
225,-1,-1,0,0,0,0,-1,0,0,0.124999999999994,4
226,-1,-1,0,0,0,0,0,-1,0,0.124999999999994,4
227,-1,-1,0,0,0,0,0,0,-1,0.124999999999994,4
228,-1,-1,0,0,0,0,0,0,0,-1.9999999999999,4
229,-1,-1,0,0,0,0,0,0,1,0.124999999999994,4
230,-1,-1,0,0,0,0,0,1,0,0.124999999999994,4
231,-1,-1,0,0,0,0,1,0,0,0.124999999999994,4
232,-1,-1,0,0,0,1,0,0,0,0.124999999999994,4
233,-1,-1,0,0,1,0,0,0,0,0.124999999999994,4
234,-1,-1,0,1,0,0,0,0,0,0.124999999999994,4
235,-1,-1,1,0,0,0,0,0,0,0.124999999999994,4
236,-1,0,-1.73205080756888,0,0,0,0,0,0,0.0833333333333293,4
237,-1,0,-1,-1,0,0,0,0,0,0.124999999999994,4
238,-1,0,-1,0,-1,0,0,0,0,0.124999999999994,4
239,-1,0,-1,0,0,-1,0,0,0,0.124999999999994,4
240,-1,0,-1,0,0,0,-1,0,0,0.124999999999994,4
241,-1,0,-1,0,0,0,0,-1,0,0.124999999999994,4
242,-1,0,-1,0,0,0,0,0,-1,0.124999999999994,4
243,-1,0,-1,0,0,0,0,0,0,-1.9999999999999,4
244,-1,0,-1,0,0,0,0,0,1,0.124999999999994,4
245,-1,0,-1,0,0,0,0,1,0,0.124999999999994,4
246,-1,0,-1,0,0,0,1,0,0,0.124999999999994,4
247,-1,0,-1,0,0,1,0,0,0,0.124999999999994,4
248,-1,0,-1,0,1,0,0,0,0,0.124999999999994,4
249,-1,0,-1,1,0,0,0,0,0,0.124999999999994,4
250,-1,0,0,-1.73205080756888,0,0,0,0,0,0.0833333333333293,4
251,-1,0,0,-1,-1,0,0,0,0,0.124999999999994,4
252,-1,0,0,-1,0,-1,0,0,0,0.124999999999994,4
253,-1,0,0,-1,0,0,-1,0,0,0.124999999999994,4
254,-1,0,0,-1,0,0,0,-1,0,0.124999999999994,4
255,-1,0,0,-1,0,0,0,0,-1,0.124999999999994,4
256,-1,0,0,-1,0,0,0,0,0,-1.9999999999999,4
257,-1,0,0,-1,0,0,0,0,1,0.124999999999994,4
258,-1,0,0,-1,0,0,0,1,0,0.124999999999994,4
259,-1,0,0,-1,0,0,1,0,0,0.124999999999994,4
260,-1,0,0,-1,0,1,0,0,0,0.124999999999994,4
261,-1,0,0,-1,1,0,0,0,0,0.124999999999994,4
262,-1,0,0,0,-1.73205080756888,0,0,0,0,0.0833333333333293,4
263,-1,0,0,0,-1,-1,0,0,0,0.124999999999994,4
264,-1,0,0,0,-1,0,-1,0,0,0.124999999999994,4
265,-1,0,0,0,-1,0,0,-1,0,0.124999999999994,4
266,-1,0,0,0,-1,0,0,0,-1,0.124999999999994,4
267,-1,0,0,0,-1,0,0,0,0,-1.9999999999999,4
268,-1,0,0,0,-1,0,0,0,1,0.124999999999994,4
269,-1,0,0,0,-1,0,0,1,0,0.124999999999994,4
270,-1,0,0,0,-1,0,1,0,0,0.124999999999994,4
271,-1,0,0,0,-1,1,0,0,0,0.124999999999994,4
272,-1,0,0,0,0,-1.73205080756888,0,0,0,0.0833333333333293,4
273,-1,0,0,0,0,-1,-1,0,0,0.124999999999994,4
274,-1,0,0,0,0,-1,0,-1,0,0.124999999999994,4
275,-1,0,0,0,0,-1,0,0,-1,0.124999999999994,4
276,-1,0,0,0,0,-1,0,0,0,-1.9999999999999,4
277,-1,0,0,0,0,-1,0,0,1,0.124999999999994,4
278,-1,0,0,0,0,-1,0,1,0,0.124999999999994,4
279,-1,0,0,0,0,-1,1,0,0,0.124999999999994,4
280,-1,0,0,0,0,0,-1.73205080756888,0,0,0.0833333333333293,4
281,-1,0,0,0,0,0,-1,-1,0,0.124999999999994,4
282,-1,0,0,0,0,0,-1,0,-1,0.124999999999994,4
283,-1,0,0,0,0,0,-1,0,0,-1.9999999999999,4
284,-1,0,0,0,0,0,-1,0,1,0.124999999999994,4
285,-1,0,0,0,0,0,-1,1,0,0.124999999999994,4
286,-1,0,0,0,0,0,0,-1.73205080756888,0,0.0833333333333293,4
287,-1,0,0,0,0,0,0,-1,-1,0.124999999999994,4
288,-1,0,0,0,0,0,0,-1,0,-1.9999999999999,4
289,-1,0,0,0,0,0,0,-1,1,0.124999999999994,4
290,-1,0,0,0,0,0,0,0,-1.73205080756888,0.0833333333333293,4
291,-1,0,0,0,0,0,0,0,-1,-1.9999999999999,4
292,-1,0,0,0,0,0,0,0,0,16.6666666666659,4
293,-1,0,0,0,0,0,0,0,1,-1.9999999999999,4
294,-1,0,0,0,0,0,0,0,1.73205080756888,0.0833333333333293,4
295,-1,0,0,0,0,0,0,1,-1,0.124999999999994,4
296,-1,0,0,0,0,0,0,1,0,-1.9999999999999,4
297,-1,0,0,0,0,0,0,1,1,0.124999999999994,4
298,-1,0,0,0,0,0,0,1.73205080756888,0,0.0833333333333293,4
299,-1,0,0,0,0,0,1,-1,0,0.124999999999994,4
300,-1,0,0,0,0,0,1,0,-1,0.124999999999994,4
301,-1,0,0,0,0,0,1,0,0,-1.9999999999999,4
302,-1,0,0,0,0,0,1,0,1,0.124999999999994,4
303,-1,0,0,0,0,0,1,1,0,0.124999999999994,4
304,-1,0,0,0,0,0,1.73205080756888,0,0,0.0833333333333293,4
305,-1,0,0,0,0,1,-1,0,0,0.124999999999994,4
306,-1,0,0,0,0,1,0,-1,0,0.124999999999994,4
307,-1,0,0,0,0,1,0,0,-1,0.124999999999994,4
308,-1,0,0,0,0,1,0,0,0,-1.9999999999999,4
309,-1,0,0,0,0,1,0,0,1,0.124999999999994,4
310,-1,0,0,0,0,1,0,1,0,0.124999999999994,4
311,-1,0,0,0,0,1,1,0,0,0.124999999999994,4
312,-1,0,0,0,0,1.73205080756888,0,0,0,0.0833333333333293,4
313,-1,0,0,0,1,-1,0,0,0,0.124999999999994,4
314,-1,0,0,0,1,0,-1,0,0,0.124999999999994,4
315,-1,0,0,0,1,0,0,-1,0,0.124999999999994,4
316,-1,0,0,0,1,0,0,0,-1,0.124999999999994,4
317,-1,0,0,0,1,0,0,0,0,-1.9999999999999,4
318,-1,0,0,0,1,0,0,0,1,0.124999999999994,4
319,-1,0,0,0,1,0,0,1,0,0.124999999999994,4
320,-1,0,0,0,1,0,1,0,0,0.124999999999994,4
321,-1,0,0,0,1,1,0,0,0,0.124999999999994,4
322,-1,0,0,0,1.73205080756888,0,0,0,0,0.0833333333333293,4
323,-1,0,0,1,-1,0,0,0,0,0.124999999999994,4
324,-1,0,0,1,0,-1,0,0,0,0.124999999999994,4
325,-1,0,0,1,0,0,-1,0,0,0.124999999999994,4
326,-1,0,0,1,0,0,0,-1,0,0.124999999999994,4
327,-1,0,0,1,0,0,0,0,-1,0.124999999999994,4
328,-1,0,0,1,0,0,0,0,0,-1.9999999999999,4
329,-1,0,0,1,0,0,0,0,1,0.124999999999994,4
330,-1,0,0,1,0,0,0,1,0,0.124999999999994,4
331,-1,0,0,1,0,0,1,0,0,0.124999999999994,4
332,-1,0,0,1,0,1,0,0,0,0.124999999999994,4
333,-1,0,0,1,1,0,0,0,0,0.124999999999994,4
334,-1,0,0,1.73205080756888,0,0,0,0,0,0.0833333333333293,4
335,-1,0,1,-1,0,0,0,0,0,0.124999999999994,4
336,-1,0,1,0,-1,0,0,0,0,0.124999999999994,4
337,-1,0,1,0,0,-1,0,0,0,0.124999999999994,4
338,-1,0,1,0,0,0,-1,0,0,0.124999999999994,4
339,-1,0,1,0,0,0,0,-1,0,0.124999999999994,4
340,-1,0,1,0,0,0,0,0,-1,0.124999999999994,4
341,-1,0,1,0,0,0,0,0,0,-1.9999999999999,4
342,-1,0,1,0,0,0,0,0,1,0.124999999999994,4
343,-1,0,1,0,0,0,0,1,0,0.124999999999994,4
344,-1,0,1,0,0,0,1,0,0,0.124999999999994,4
345,-1,0,1,0,0,1,0,0,0,0.124999999999994,4
346,-1,0,1,0,1,0,0,0,0,0.124999999999994,4
347,-1,0,1,1,0,0,0,0,0,0.124999999999994,4
348,-1,0,1.73205080756888,0,0,0,0,0,0,0.0833333333333293,4
349,-1,1,-1,0,0,0,0,0,0,0.124999999999994,4
350,-1,1,0,-1,0,0,0,0,0,0.124999999999994,4
351,-1,1,0,0,-1,0,0,0,0,0.124999999999994,4
352,-1,1,0,0,0,-1,0,0,0,0.124999999999994,4
353,-1,1,0,0,0,0,-1,0,0,0.124999999999994,4
354,-1,1,0,0,0,0,0,-1,0,0.124999999999994,4
355,-1,1,0,0,0,0,0,0,-1,0.124999999999994,4
356,-1,1,0,0,0,0,0,0,0,-1.9999999999999,4
357,-1,1,0,0,0,0,0,0,1,0.124999999999994,4
358,-1,1,0,0,0,0,0,1,0,0.124999999999994,4
359,-1,1,0,0,0,0,1,0,0,0.124999999999994,4
360,-1,1,0,0,0,1,0,0,0,0.124999999999994,4
361,-1,1,0,0,1,0,0,0,0,0.124999999999994,4
362,-1,1,0,1,0,0,0,0,0,0.124999999999994,4
363,-1,1,1,0,0,0,0,0,0,0.124999999999994,4
364,-1,1.73205080756888,0,0,0,0,0,0,0,0.0833333333333293,4
365,-0.741963784302726,0,0,0,0,0,0,0,0,0.454124145231909,4
366,0,-2.33441421833898,0,0,0,0,0,0,0,0.0458758547680663,4
367,0,-1.73205080756888,-1,0,0,0,0,0,0,0.0833333333333293,4
368,0,-1.73205080756888,0,-1,0,0,0,0,0,0.0833333333333293,4
369,0,-1.73205080756888,0,0,-1,0,0,0,0,0.0833333333333293,4
370,0,-1.73205080756888,0,0,0,-1,0,0,0,0.0833333333333293,4
371,0,-1.73205080756888,0,0,0,0,-1,0,0,0.0833333333333293,4
372,0,-1.73205080756888,0,0,0,0,0,-1,0,0.0833333333333293,4
373,0,-1.73205080756888,0,0,0,0,0,0,-1,0.0833333333333293,4
374,0,-1.73205080756888,0,0,0,0,0,0,0,-1.33333333333327,4
375,0,-1.73205080756888,0,0,0,0,0,0,1,0.0833333333333293,4
376,0,-1.73205080756888,0,0,0,0,0,1,0,0.0833333333333293,4
377,0,-1.73205080756888,0,0,0,0,1,0,0,0.0833333333333293,4
378,0,-1.73205080756888,0,0,0,1,0,0,0,0.0833333333333293,4
379,0,-1.73205080756888,0,0,1,0,0,0,0,0.0833333333333293,4
380,0,-1.73205080756888,0,1,0,0,0,0,0,0.0833333333333293,4
381,0,-1.73205080756888,1,0,0,0,0,0,0,0.0833333333333293,4
382,0,-1,-1.73205080756888,0,0,0,0,0,0,0.0833333333333293,4
383,0,-1,-1,-1,0,0,0,0,0,0.124999999999994,4
384,0,-1,-1,0,-1,0,0,0,0,0.124999999999994,4
385,0,-1,-1,0,0,-1,0,0,0,0.124999999999994,4
386,0,-1,-1,0,0,0,-1,0,0,0.124999999999994,4
387,0,-1,-1,0,0,0,0,-1,0,0.124999999999994,4
388,0,-1,-1,0,0,0,0,0,-1,0.124999999999994,4
389,0,-1,-1,0,0,0,0,0,0,-1.9999999999999,4
390,0,-1,-1,0,0,0,0,0,1,0.124999999999994,4
391,0,-1,-1,0,0,0,0,1,0,0.124999999999994,4
392,0,-1,-1,0,0,0,1,0,0,0.124999999999994,4
393,0,-1,-1,0,0,1,0,0,0,0.124999999999994,4
394,0,-1,-1,0,1,0,0,0,0,0.124999999999994,4
395,0,-1,-1,1,0,0,0,0,0,0.124999999999994,4
396,0,-1,0,-1.73205080756888,0,0,0,0,0,0.0833333333333293,4
397,0,-1,0,-1,-1,0,0,0,0,0.124999999999994,4
398,0,-1,0,-1,0,-1,0,0,0,0.124999999999994,4
399,0,-1,0,-1,0,0,-1,0,0,0.124999999999994,4
400,0,-1,0,-1,0,0,0,-1,0,0.124999999999994,4
401,0,-1,0,-1,0,0,0,0,-1,0.124999999999994,4
402,0,-1,0,-1,0,0,0,0,0,-1.9999999999999,4
403,0,-1,0,-1,0,0,0,0,1,0.124999999999994,4
404,0,-1,0,-1,0,0,0,1,0,0.124999999999994,4
405,0,-1,0,-1,0,0,1,0,0,0.124999999999994,4
406,0,-1,0,-1,0,1,0,0,0,0.124999999999994,4
407,0,-1,0,-1,1,0,0,0,0,0.124999999999994,4
408,0,-1,0,0,-1.73205080756888,0,0,0,0,0.0833333333333293,4
409,0,-1,0,0,-1,-1,0,0,0,0.124999999999994,4
410,0,-1,0,0,-1,0,-1,0,0,0.124999999999994,4
411,0,-1,0,0,-1,0,0,-1,0,0.124999999999994,4
412,0,-1,0,0,-1,0,0,0,-1,0.124999999999994,4
413,0,-1,0,0,-1,0,0,0,0,-1.9999999999999,4
414,0,-1,0,0,-1,0,0,0,1,0.124999999999994,4
415,0,-1,0,0,-1,0,0,1,0,0.124999999999994,4
416,0,-1,0,0,-1,0,1,0,0,0.124999999999994,4
417,0,-1,0,0,-1,1,0,0,0,0.124999999999994,4
418,0,-1,0,0,0,-1.73205080756888,0,0,0,0.0833333333333293,4
419,0,-1,0,0,0,-1,-1,0,0,0.124999999999994,4
420,0,-1,0,0,0,-1,0,-1,0,0.124999999999994,4
421,0,-1,0,0,0,-1,0,0,-1,0.124999999999994,4
422,0,-1,0,0,0,-1,0,0,0,-1.9999999999999,4
423,0,-1,0,0,0,-1,0,0,1,0.124999999999994,4
424,0,-1,0,0,0,-1,0,1,0,0.124999999999994,4
425,0,-1,0,0,0,-1,1,0,0,0.124999999999994,4
426,0,-1,0,0,0,0,-1.73205080756888,0,0,0.0833333333333293,4
427,0,-1,0,0,0,0,-1,-1,0,0.124999999999994,4
428,0,-1,0,0,0,0,-1,0,-1,0.124999999999994,4
429,0,-1,0,0,0,0,-1,0,0,-1.9999999999999,4
430,0,-1,0,0,0,0,-1,0,1,0.124999999999994,4
431,0,-1,0,0,0,0,-1,1,0,0.124999999999994,4
432,0,-1,0,0,0,0,0,-1.73205080756888,0,0.0833333333333293,4
433,0,-1,0,0,0,0,0,-1,-1,0.124999999999994,4
434,0,-1,0,0,0,0,0,-1,0,-1.9999999999999,4
435,0,-1,0,0,0,0,0,-1,1,0.124999999999994,4
436,0,-1,0,0,0,0,0,0,-1.73205080756888,0.0833333333333293,4
437,0,-1,0,0,0,0,0,0,-1,-1.9999999999999,4
438,0,-1,0,0,0,0,0,0,0,16.6666666666659,4
439,0,-1,0,0,0,0,0,0,1,-1.9999999999999,4
440,0,-1,0,0,0,0,0,0,1.73205080756888,0.0833333333333293,4
441,0,-1,0,0,0,0,0,1,-1,0.124999999999994,4
442,0,-1,0,0,0,0,0,1,0,-1.9999999999999,4
443,0,-1,0,0,0,0,0,1,1,0.124999999999994,4
444,0,-1,0,0,0,0,0,1.73205080756888,0,0.0833333333333293,4
445,0,-1,0,0,0,0,1,-1,0,0.124999999999994,4
446,0,-1,0,0,0,0,1,0,-1,0.124999999999994,4
447,0,-1,0,0,0,0,1,0,0,-1.9999999999999,4
448,0,-1,0,0,0,0,1,0,1,0.124999999999994,4
449,0,-1,0,0,0,0,1,1,0,0.124999999999994,4
450,0,-1,0,0,0,0,1.73205080756888,0,0,0.0833333333333293,4
451,0,-1,0,0,0,1,-1,0,0,0.124999999999994,4
452,0,-1,0,0,0,1,0,-1,0,0.124999999999994,4
453,0,-1,0,0,0,1,0,0,-1,0.124999999999994,4
454,0,-1,0,0,0,1,0,0,0,-1.9999999999999,4
455,0,-1,0,0,0,1,0,0,1,0.124999999999994,4
456,0,-1,0,0,0,1,0,1,0,0.124999999999994,4
457,0,-1,0,0,0,1,1,0,0,0.124999999999994,4
458,0,-1,0,0,0,1.73205080756888,0,0,0,0.0833333333333293,4
459,0,-1,0,0,1,-1,0,0,0,0.124999999999994,4
460,0,-1,0,0,1,0,-1,0,0,0.124999999999994,4
461,0,-1,0,0,1,0,0,-1,0,0.124999999999994,4
462,0,-1,0,0,1,0,0,0,-1,0.124999999999994,4
463,0,-1,0,0,1,0,0,0,0,-1.9999999999999,4
464,0,-1,0,0,1,0,0,0,1,0.124999999999994,4
465,0,-1,0,0,1,0,0,1,0,0.124999999999994,4
466,0,-1,0,0,1,0,1,0,0,0.124999999999994,4
467,0,-1,0,0,1,1,0,0,0,0.124999999999994,4
468,0,-1,0,0,1.73205080756888,0,0,0,0,0.0833333333333293,4
469,0,-1,0,1,-1,0,0,0,0,0.124999999999994,4
470,0,-1,0,1,0,-1,0,0,0,0.124999999999994,4
471,0,-1,0,1,0,0,-1,0,0,0.124999999999994,4
472,0,-1,0,1,0,0,0,-1,0,0.124999999999994,4
473,0,-1,0,1,0,0,0,0,-1,0.124999999999994,4
474,0,-1,0,1,0,0,0,0,0,-1.9999999999999,4
475,0,-1,0,1,0,0,0,0,1,0.124999999999994,4
476,0,-1,0,1,0,0,0,1,0,0.124999999999994,4
477,0,-1,0,1,0,0,1,0,0,0.124999999999994,4
478,0,-1,0,1,0,1,0,0,0,0.124999999999994,4
479,0,-1,0,1,1,0,0,0,0,0.124999999999994,4
480,0,-1,0,1.73205080756888,0,0,0,0,0,0.0833333333333293,4
481,0,-1,1,-1,0,0,0,0,0,0.124999999999994,4
482,0,-1,1,0,-1,0,0,0,0,0.124999999999994,4
483,0,-1,1,0,0,-1,0,0,0,0.124999999999994,4
484,0,-1,1,0,0,0,-1,0,0,0.124999999999994,4
485,0,-1,1,0,0,0,0,-1,0,0.124999999999994,4
486,0,-1,1,0,0,0,0,0,-1,0.124999999999994,4
487,0,-1,1,0,0,0,0,0,0,-1.9999999999999,4
488,0,-1,1,0,0,0,0,0,1,0.124999999999994,4
489,0,-1,1,0,0,0,0,1,0,0.124999999999994,4
490,0,-1,1,0,0,0,1,0,0,0.124999999999994,4
491,0,-1,1,0,0,1,0,0,0,0.124999999999994,4
492,0,-1,1,0,1,0,0,0,0,0.124999999999994,4
493,0,-1,1,1,0,0,0,0,0,0.124999999999994,4
494,0,-1,1.73205080756888,0,0,0,0,0,0,0.0833333333333293,4
495,0,-0.741963784302726,0,0,0,0,0,0,0,0.454124145231909,4
496,0,0,-2.33441421833898,0,0,0,0,0,0,0.0458758547680663,4
497,0,0,-1.73205080756888,-1,0,0,0,0,0,0.0833333333333293,4
498,0,0,-1.73205080756888,0,-1,0,0,0,0,0.0833333333333293,4
499,0,0,-1.73205080756888,0,0,-1,0,0,0,0.0833333333333293,4
500,0,0,-1.73205080756888,0,0,0,-1,0,0,0.0833333333333293,4
501,0,0,-1.73205080756888,0,0,0,0,-1,0,0.0833333333333293,4
502,0,0,-1.73205080756888,0,0,0,0,0,-1,0.0833333333333293,4
503,0,0,-1.73205080756888,0,0,0,0,0,0,-1.33333333333327,4
504,0,0,-1.73205080756888,0,0,0,0,0,1,0.0833333333333293,4
505,0,0,-1.73205080756888,0,0,0,0,1,0,0.0833333333333293,4
506,0,0,-1.73205080756888,0,0,0,1,0,0,0.0833333333333293,4
507,0,0,-1.73205080756888,0,0,1,0,0,0,0.0833333333333293,4
508,0,0,-1.73205080756888,0,1,0,0,0,0,0.0833333333333293,4
509,0,0,-1.73205080756888,1,0,0,0,0,0,0.0833333333333293,4
510,0,0,-1,-1.73205080756888,0,0,0,0,0,0.0833333333333293,4
511,0,0,-1,-1,-1,0,0,0,0,0.124999999999994,4
512,0,0,-1,-1,0,-1,0,0,0,0.124999999999994,4
513,0,0,-1,-1,0,0,-1,0,0,0.124999999999994,4
514,0,0,-1,-1,0,0,0,-1,0,0.124999999999994,4
515,0,0,-1,-1,0,0,0,0,-1,0.124999999999994,4
516,0,0,-1,-1,0,0,0,0,0,-1.9999999999999,4
517,0,0,-1,-1,0,0,0,0,1,0.124999999999994,4
518,0,0,-1,-1,0,0,0,1,0,0.124999999999994,4
519,0,0,-1,-1,0,0,1,0,0,0.124999999999994,4
520,0,0,-1,-1,0,1,0,0,0,0.124999999999994,4
521,0,0,-1,-1,1,0,0,0,0,0.124999999999994,4
522,0,0,-1,0,-1.73205080756888,0,0,0,0,0.0833333333333293,4
523,0,0,-1,0,-1,-1,0,0,0,0.124999999999994,4
524,0,0,-1,0,-1,0,-1,0,0,0.124999999999994,4
525,0,0,-1,0,-1,0,0,-1,0,0.124999999999994,4
526,0,0,-1,0,-1,0,0,0,-1,0.124999999999994,4
527,0,0,-1,0,-1,0,0,0,0,-1.9999999999999,4
528,0,0,-1,0,-1,0,0,0,1,0.124999999999994,4
529,0,0,-1,0,-1,0,0,1,0,0.124999999999994,4
530,0,0,-1,0,-1,0,1,0,0,0.124999999999994,4
531,0,0,-1,0,-1,1,0,0,0,0.124999999999994,4
532,0,0,-1,0,0,-1.73205080756888,0,0,0,0.0833333333333293,4
533,0,0,-1,0,0,-1,-1,0,0,0.124999999999994,4
534,0,0,-1,0,0,-1,0,-1,0,0.124999999999994,4
535,0,0,-1,0,0,-1,0,0,-1,0.124999999999994,4
536,0,0,-1,0,0,-1,0,0,0,-1.9999999999999,4
537,0,0,-1,0,0,-1,0,0,1,0.124999999999994,4
538,0,0,-1,0,0,-1,0,1,0,0.124999999999994,4
539,0,0,-1,0,0,-1,1,0,0,0.124999999999994,4
540,0,0,-1,0,0,0,-1.73205080756888,0,0,0.0833333333333293,4
541,0,0,-1,0,0,0,-1,-1,0,0.124999999999994,4
542,0,0,-1,0,0,0,-1,0,-1,0.124999999999994,4
543,0,0,-1,0,0,0,-1,0,0,-1.9999999999999,4
544,0,0,-1,0,0,0,-1,0,1,0.124999999999994,4
545,0,0,-1,0,0,0,-1,1,0,0.124999999999994,4
546,0,0,-1,0,0,0,0,-1.73205080756888,0,0.0833333333333293,4
547,0,0,-1,0,0,0,0,-1,-1,0.124999999999994,4
548,0,0,-1,0,0,0,0,-1,0,-1.9999999999999,4
549,0,0,-1,0,0,0,0,-1,1,0.124999999999994,4
550,0,0,-1,0,0,0,0,0,-1.73205080756888,0.0833333333333293,4
551,0,0,-1,0,0,0,0,0,-1,-1.9999999999999,4
552,0,0,-1,0,0,0,0,0,0,16.6666666666659,4
553,0,0,-1,0,0,0,0,0,1,-1.9999999999999,4
554,0,0,-1,0,0,0,0,0,1.73205080756888,0.0833333333333293,4
555,0,0,-1,0,0,0,0,1,-1,0.124999999999994,4
556,0,0,-1,0,0,0,0,1,0,-1.9999999999999,4
557,0,0,-1,0,0,0,0,1,1,0.124999999999994,4
558,0,0,-1,0,0,0,0,1.73205080756888,0,0.0833333333333293,4
559,0,0,-1,0,0,0,1,-1,0,0.124999999999994,4
560,0,0,-1,0,0,0,1,0,-1,0.124999999999994,4
561,0,0,-1,0,0,0,1,0,0,-1.9999999999999,4
562,0,0,-1,0,0,0,1,0,1,0.124999999999994,4
563,0,0,-1,0,0,0,1,1,0,0.124999999999994,4
564,0,0,-1,0,0,0,1.73205080756888,0,0,0.0833333333333293,4
565,0,0,-1,0,0,1,-1,0,0,0.124999999999994,4
566,0,0,-1,0,0,1,0,-1,0,0.124999999999994,4
567,0,0,-1,0,0,1,0,0,-1,0.124999999999994,4
568,0,0,-1,0,0,1,0,0,0,-1.9999999999999,4
569,0,0,-1,0,0,1,0,0,1,0.124999999999994,4
570,0,0,-1,0,0,1,0,1,0,0.124999999999994,4
571,0,0,-1,0,0,1,1,0,0,0.124999999999994,4
572,0,0,-1,0,0,1.73205080756888,0,0,0,0.0833333333333293,4
573,0,0,-1,0,1,-1,0,0,0,0.124999999999994,4
574,0,0,-1,0,1,0,-1,0,0,0.124999999999994,4
575,0,0,-1,0,1,0,0,-1,0,0.124999999999994,4
576,0,0,-1,0,1,0,0,0,-1,0.124999999999994,4
577,0,0,-1,0,1,0,0,0,0,-1.9999999999999,4
578,0,0,-1,0,1,0,0,0,1,0.124999999999994,4
579,0,0,-1,0,1,0,0,1,0,0.124999999999994,4
580,0,0,-1,0,1,0,1,0,0,0.124999999999994,4
581,0,0,-1,0,1,1,0,0,0,0.124999999999994,4
582,0,0,-1,0,1.73205080756888,0,0,0,0,0.0833333333333293,4
583,0,0,-1,1,-1,0,0,0,0,0.124999999999994,4
584,0,0,-1,1,0,-1,0,0,0,0.124999999999994,4
585,0,0,-1,1,0,0,-1,0,0,0.124999999999994,4
586,0,0,-1,1,0,0,0,-1,0,0.124999999999994,4
587,0,0,-1,1,0,0,0,0,-1,0.124999999999994,4
588,0,0,-1,1,0,0,0,0,0,-1.9999999999999,4
589,0,0,-1,1,0,0,0,0,1,0.124999999999994,4
590,0,0,-1,1,0,0,0,1,0,0.124999999999994,4
591,0,0,-1,1,0,0,1,0,0,0.124999999999994,4
592,0,0,-1,1,0,1,0,0,0,0.124999999999994,4
593,0,0,-1,1,1,0,0,0,0,0.124999999999994,4
594,0,0,-1,1.73205080756888,0,0,0,0,0,0.0833333333333293,4
595,0,0,-0.741963784302726,0,0,0,0,0,0,0.454124145231909,4
596,0,0,0,-2.33441421833898,0,0,0,0,0,0.0458758547680663,4
597,0,0,0,-1.73205080756888,-1,0,0,0,0,0.0833333333333293,4
598,0,0,0,-1.73205080756888,0,-1,0,0,0,0.0833333333333293,4
599,0,0,0,-1.73205080756888,0,0,-1,0,0,0.0833333333333293,4
600,0,0,0,-1.73205080756888,0,0,0,-1,0,0.0833333333333293,4
601,0,0,0,-1.73205080756888,0,0,0,0,-1,0.0833333333333293,4
602,0,0,0,-1.73205080756888,0,0,0,0,0,-1.33333333333327,4
603,0,0,0,-1.73205080756888,0,0,0,0,1,0.0833333333333293,4
604,0,0,0,-1.73205080756888,0,0,0,1,0,0.0833333333333293,4
605,0,0,0,-1.73205080756888,0,0,1,0,0,0.0833333333333293,4
606,0,0,0,-1.73205080756888,0,1,0,0,0,0.0833333333333293,4
607,0,0,0,-1.73205080756888,1,0,0,0,0,0.0833333333333293,4
608,0,0,0,-1,-1.73205080756888,0,0,0,0,0.0833333333333293,4
609,0,0,0,-1,-1,-1,0,0,0,0.124999999999994,4
610,0,0,0,-1,-1,0,-1,0,0,0.124999999999994,4
611,0,0,0,-1,-1,0,0,-1,0,0.124999999999994,4
612,0,0,0,-1,-1,0,0,0,-1,0.124999999999994,4
613,0,0,0,-1,-1,0,0,0,0,-1.9999999999999,4
614,0,0,0,-1,-1,0,0,0,1,0.124999999999994,4
615,0,0,0,-1,-1,0,0,1,0,0.124999999999994,4
616,0,0,0,-1,-1,0,1,0,0,0.124999999999994,4
617,0,0,0,-1,-1,1,0,0,0,0.124999999999994,4
618,0,0,0,-1,0,-1.73205080756888,0,0,0,0.0833333333333293,4
619,0,0,0,-1,0,-1,-1,0,0,0.124999999999994,4
620,0,0,0,-1,0,-1,0,-1,0,0.124999999999994,4
621,0,0,0,-1,0,-1,0,0,-1,0.124999999999994,4
622,0,0,0,-1,0,-1,0,0,0,-1.9999999999999,4
623,0,0,0,-1,0,-1,0,0,1,0.124999999999994,4
624,0,0,0,-1,0,-1,0,1,0,0.124999999999994,4
625,0,0,0,-1,0,-1,1,0,0,0.124999999999994,4
626,0,0,0,-1,0,0,-1.73205080756888,0,0,0.0833333333333293,4
627,0,0,0,-1,0,0,-1,-1,0,0.124999999999994,4
628,0,0,0,-1,0,0,-1,0,-1,0.124999999999994,4
629,0,0,0,-1,0,0,-1,0,0,-1.9999999999999,4
630,0,0,0,-1,0,0,-1,0,1,0.124999999999994,4
631,0,0,0,-1,0,0,-1,1,0,0.124999999999994,4
632,0,0,0,-1,0,0,0,-1.73205080756888,0,0.0833333333333293,4
633,0,0,0,-1,0,0,0,-1,-1,0.124999999999994,4
634,0,0,0,-1,0,0,0,-1,0,-1.9999999999999,4
635,0,0,0,-1,0,0,0,-1,1,0.124999999999994,4
636,0,0,0,-1,0,0,0,0,-1.73205080756888,0.0833333333333293,4
637,0,0,0,-1,0,0,0,0,-1,-1.9999999999999,4
638,0,0,0,-1,0,0,0,0,0,16.6666666666659,4
639,0,0,0,-1,0,0,0,0,1,-1.9999999999999,4
640,0,0,0,-1,0,0,0,0,1.73205080756888,0.0833333333333293,4
641,0,0,0,-1,0,0,0,1,-1,0.124999999999994,4
642,0,0,0,-1,0,0,0,1,0,-1.9999999999999,4
643,0,0,0,-1,0,0,0,1,1,0.124999999999994,4
644,0,0,0,-1,0,0,0,1.73205080756888,0,0.0833333333333293,4
645,0,0,0,-1,0,0,1,-1,0,0.124999999999994,4
646,0,0,0,-1,0,0,1,0,-1,0.124999999999994,4
647,0,0,0,-1,0,0,1,0,0,-1.9999999999999,4
648,0,0,0,-1,0,0,1,0,1,0.124999999999994,4
649,0,0,0,-1,0,0,1,1,0,0.124999999999994,4
650,0,0,0,-1,0,0,1.73205080756888,0,0,0.0833333333333293,4
651,0,0,0,-1,0,1,-1,0,0,0.124999999999994,4
652,0,0,0,-1,0,1,0,-1,0,0.124999999999994,4
653,0,0,0,-1,0,1,0,0,-1,0.124999999999994,4
654,0,0,0,-1,0,1,0,0,0,-1.9999999999999,4
655,0,0,0,-1,0,1,0,0,1,0.124999999999994,4
656,0,0,0,-1,0,1,0,1,0,0.124999999999994,4
657,0,0,0,-1,0,1,1,0,0,0.124999999999994,4
658,0,0,0,-1,0,1.73205080756888,0,0,0,0.0833333333333293,4
659,0,0,0,-1,1,-1,0,0,0,0.124999999999994,4
660,0,0,0,-1,1,0,-1,0,0,0.124999999999994,4
661,0,0,0,-1,1,0,0,-1,0,0.124999999999994,4
662,0,0,0,-1,1,0,0,0,-1,0.124999999999994,4
663,0,0,0,-1,1,0,0,0,0,-1.9999999999999,4
664,0,0,0,-1,1,0,0,0,1,0.124999999999994,4
665,0,0,0,-1,1,0,0,1,0,0.124999999999994,4
666,0,0,0,-1,1,0,1,0,0,0.124999999999994,4
667,0,0,0,-1,1,1,0,0,0,0.124999999999994,4
668,0,0,0,-1,1.73205080756888,0,0,0,0,0.0833333333333293,4
669,0,0,0,-0.741963784302726,0,0,0,0,0,0.454124145231909,4
670,0,0,0,0,-2.33441421833898,0,0,0,0,0.0458758547680663,4
671,0,0,0,0,-1.73205080756888,-1,0,0,0,0.0833333333333293,4
672,0,0,0,0,-1.73205080756888,0,-1,0,0,0.0833333333333293,4
673,0,0,0,0,-1.73205080756888,0,0,-1,0,0.0833333333333293,4
674,0,0,0,0,-1.73205080756888,0,0,0,-1,0.0833333333333293,4
675,0,0,0,0,-1.73205080756888,0,0,0,0,-1.33333333333327,4
676,0,0,0,0,-1.73205080756888,0,0,0,1,0.0833333333333293,4
677,0,0,0,0,-1.73205080756888,0,0,1,0,0.0833333333333293,4
678,0,0,0,0,-1.73205080756888,0,1,0,0,0.0833333333333293,4
679,0,0,0,0,-1.73205080756888,1,0,0,0,0.0833333333333293,4
680,0,0,0,0,-1,-1.73205080756888,0,0,0,0.0833333333333293,4
681,0,0,0,0,-1,-1,-1,0,0,0.124999999999994,4
682,0,0,0,0,-1,-1,0,-1,0,0.124999999999994,4
683,0,0,0,0,-1,-1,0,0,-1,0.124999999999994,4
684,0,0,0,0,-1,-1,0,0,0,-1.9999999999999,4
685,0,0,0,0,-1,-1,0,0,1,0.124999999999994,4
686,0,0,0,0,-1,-1,0,1,0,0.124999999999994,4
687,0,0,0,0,-1,-1,1,0,0,0.124999999999994,4
688,0,0,0,0,-1,0,-1.73205080756888,0,0,0.0833333333333293,4
689,0,0,0,0,-1,0,-1,-1,0,0.124999999999994,4
690,0,0,0,0,-1,0,-1,0,-1,0.124999999999994,4
691,0,0,0,0,-1,0,-1,0,0,-1.9999999999999,4
692,0,0,0,0,-1,0,-1,0,1,0.124999999999994,4
693,0,0,0,0,-1,0,-1,1,0,0.124999999999994,4
694,0,0,0,0,-1,0,0,-1.73205080756888,0,0.0833333333333293,4
695,0,0,0,0,-1,0,0,-1,-1,0.124999999999994,4
696,0,0,0,0,-1,0,0,-1,0,-1.9999999999999,4
697,0,0,0,0,-1,0,0,-1,1,0.124999999999994,4
698,0,0,0,0,-1,0,0,0,-1.73205080756888,0.0833333333333293,4
699,0,0,0,0,-1,0,0,0,-1,-1.9999999999999,4
700,0,0,0,0,-1,0,0,0,0,16.6666666666659,4
701,0,0,0,0,-1,0,0,0,1,-1.9999999999999,4
702,0,0,0,0,-1,0,0,0,1.73205080756888,0.0833333333333293,4
703,0,0,0,0,-1,0,0,1,-1,0.124999999999994,4
704,0,0,0,0,-1,0,0,1,0,-1.9999999999999,4
705,0,0,0,0,-1,0,0,1,1,0.124999999999994,4
706,0,0,0,0,-1,0,0,1.73205080756888,0,0.0833333333333293,4
707,0,0,0,0,-1,0,1,-1,0,0.124999999999994,4
708,0,0,0,0,-1,0,1,0,-1,0.124999999999994,4
709,0,0,0,0,-1,0,1,0,0,-1.9999999999999,4
710,0,0,0,0,-1,0,1,0,1,0.124999999999994,4
711,0,0,0,0,-1,0,1,1,0,0.124999999999994,4
712,0,0,0,0,-1,0,1.73205080756888,0,0,0.0833333333333293,4
713,0,0,0,0,-1,1,-1,0,0,0.124999999999994,4
714,0,0,0,0,-1,1,0,-1,0,0.124999999999994,4
715,0,0,0,0,-1,1,0,0,-1,0.124999999999994,4
716,0,0,0,0,-1,1,0,0,0,-1.9999999999999,4
717,0,0,0,0,-1,1,0,0,1,0.124999999999994,4
718,0,0,0,0,-1,1,0,1,0,0.124999999999994,4
719,0,0,0,0,-1,1,1,0,0,0.124999999999994,4
720,0,0,0,0,-1,1.73205080756888,0,0,0,0.0833333333333293,4
721,0,0,0,0,-0.741963784302726,0,0,0,0,0.454124145231909,4
722,0,0,0,0,0,-2.33441421833898,0,0,0,0.0458758547680663,4
723,0,0,0,0,0,-1.73205080756888,-1,0,0,0.0833333333333293,4
724,0,0,0,0,0,-1.73205080756888,0,-1,0,0.0833333333333293,4
725,0,0,0,0,0,-1.73205080756888,0,0,-1,0.0833333333333293,4
726,0,0,0,0,0,-1.73205080756888,0,0,0,-1.33333333333327,4
727,0,0,0,0,0,-1.73205080756888,0,0,1,0.0833333333333293,4
728,0,0,0,0,0,-1.73205080756888,0,1,0,0.0833333333333293,4
729,0,0,0,0,0,-1.73205080756888,1,0,0,0.0833333333333293,4
730,0,0,0,0,0,-1,-1.73205080756888,0,0,0.0833333333333293,4
731,0,0,0,0,0,-1,-1,-1,0,0.124999999999994,4
732,0,0,0,0,0,-1,-1,0,-1,0.124999999999994,4
733,0,0,0,0,0,-1,-1,0,0,-1.9999999999999,4
734,0,0,0,0,0,-1,-1,0,1,0.124999999999994,4
735,0,0,0,0,0,-1,-1,1,0,0.124999999999994,4
736,0,0,0,0,0,-1,0,-1.73205080756888,0,0.0833333333333293,4
737,0,0,0,0,0,-1,0,-1,-1,0.124999999999994,4
738,0,0,0,0,0,-1,0,-1,0,-1.9999999999999,4
739,0,0,0,0,0,-1,0,-1,1,0.124999999999994,4
740,0,0,0,0,0,-1,0,0,-1.73205080756888,0.0833333333333293,4
741,0,0,0,0,0,-1,0,0,-1,-1.9999999999999,4
742,0,0,0,0,0,-1,0,0,0,16.6666666666659,4
743,0,0,0,0,0,-1,0,0,1,-1.9999999999999,4
744,0,0,0,0,0,-1,0,0,1.73205080756888,0.0833333333333293,4
745,0,0,0,0,0,-1,0,1,-1,0.124999999999994,4
746,0,0,0,0,0,-1,0,1,0,-1.9999999999999,4
747,0,0,0,0,0,-1,0,1,1,0.124999999999994,4
748,0,0,0,0,0,-1,0,1.73205080756888,0,0.0833333333333293,4
749,0,0,0,0,0,-1,1,-1,0,0.124999999999994,4
750,0,0,0,0,0,-1,1,0,-1,0.124999999999994,4
751,0,0,0,0,0,-1,1,0,0,-1.9999999999999,4
752,0,0,0,0,0,-1,1,0,1,0.124999999999994,4
753,0,0,0,0,0,-1,1,1,0,0.124999999999994,4
754,0,0,0,0,0,-1,1.73205080756888,0,0,0.0833333333333293,4
755,0,0,0,0,0,-0.741963784302726,0,0,0,0.454124145231909,4
756,0,0,0,0,0,0,-2.33441421833898,0,0,0.0458758547680663,4
757,0,0,0,0,0,0,-1.73205080756888,-1,0,0.0833333333333293,4
758,0,0,0,0,0,0,-1.73205080756888,0,-1,0.0833333333333293,4
759,0,0,0,0,0,0,-1.73205080756888,0,0,-1.33333333333327,4
760,0,0,0,0,0,0,-1.73205080756888,0,1,0.0833333333333293,4
761,0,0,0,0,0,0,-1.73205080756888,1,0,0.0833333333333293,4
762,0,0,0,0,0,0,-1,-1.73205080756888,0,0.0833333333333293,4
763,0,0,0,0,0,0,-1,-1,-1,0.124999999999994,4
764,0,0,0,0,0,0,-1,-1,0,-1.9999999999999,4
765,0,0,0,0,0,0,-1,-1,1,0.124999999999994,4
766,0,0,0,0,0,0,-1,0,-1.73205080756888,0.0833333333333293,4
767,0,0,0,0,0,0,-1,0,-1,-1.9999999999999,4
768,0,0,0,0,0,0,-1,0,0,16.6666666666659,4
769,0,0,0,0,0,0,-1,0,1,-1.9999999999999,4
770,0,0,0,0,0,0,-1,0,1.73205080756888,0.0833333333333293,4
771,0,0,0,0,0,0,-1,1,-1,0.124999999999994,4
772,0,0,0,0,0,0,-1,1,0,-1.9999999999999,4
773,0,0,0,0,0,0,-1,1,1,0.124999999999994,4
774,0,0,0,0,0,0,-1,1.73205080756888,0,0.0833333333333293,4
775,0,0,0,0,0,0,-0.741963784302726,0,0,0.454124145231909,4
776,0,0,0,0,0,0,0,-2.33441421833898,0,0.0458758547680663,4
777,0,0,0,0,0,0,0,-1.73205080756888,-1,0.0833333333333293,4
778,0,0,0,0,0,0,0,-1.73205080756888,0,-1.33333333333327,4
779,0,0,0,0,0,0,0,-1.73205080756888,1,0.0833333333333293,4
780,0,0,0,0,0,0,0,-1,-1.73205080756888,0.0833333333333293,4
781,0,0,0,0,0,0,0,-1,-1,-1.9999999999999,4
782,0,0,0,0,0,0,0,-1,0,16.6666666666659,4
783,0,0,0,0,0,0,0,-1,1,-1.9999999999999,4
784,0,0,0,0,0,0,0,-1,1.73205080756888,0.0833333333333293,4
785,0,0,0,0,0,0,0,-0.741963784302726,0,0.454124145231909,4
786,0,0,0,0,0,0,0,0,-2.33441421833898,0.0458758547680663,4
787,0,0,0,0,0,0,0,0,-1.73205080756888,-1.33333333333327,4
788,0,0,0,0,0,0,0,0,-1,16.6666666666659,4
789,0,0,0,0,0,0,0,0,-0.741963784302726,0.454124145231909,4
790,0,0,0,0,0,0,0,0,0,-103.999999999995,4
791,0,0,0,0,0,0,0,0,0.741963784302726,0.454124145231909,4
792,0,0,0,0,0,0,0,0,1,16.6666666666659,4
793,0,0,0,0,0,0,0,0,1.73205080756888,-1.33333333333327,4
794,0,0,0,0,0,0,0,0,2.33441421833898,0.0458758547680663,4
795,0,0,0,0,0,0,0,0.741963784302726,0,0.454124145231909,4
796,0,0,0,0,0,0,0,1,-1.73205080756888,0.0833333333333293,4
797,0,0,0,0,0,0,0,1,-1,-1.9999999999999,4
798,0,0,0,0,0,0,0,1,0,16.6666666666659,4
799,0,0,0,0,0,0,0,1,1,-1.9999999999999,4
800,0,0,0,0,0,0,0,1,1.73205080756888,0.0833333333333293,4
801,0,0,0,0,0,0,0,1.73205080756888,-1,0.0833333333333293,4
802,0,0,0,0,0,0,0,1.73205080756888,0,-1.33333333333327,4
803,0,0,0,0,0,0,0,1.73205080756888,1,0.0833333333333293,4
804,0,0,0,0,0,0,0,2.33441421833898,0,0.0458758547680663,4
805,0,0,0,0,0,0,0.741963784302726,0,0,0.454124145231909,4
806,0,0,0,0,0,0,1,-1.73205080756888,0,0.0833333333333293,4
807,0,0,0,0,0,0,1,-1,-1,0.124999999999994,4
808,0,0,0,0,0,0,1,-1,0,-1.9999999999999,4
809,0,0,0,0,0,0,1,-1,1,0.124999999999994,4
810,0,0,0,0,0,0,1,0,-1.73205080756888,0.0833333333333293,4
811,0,0,0,0,0,0,1,0,-1,-1.9999999999999,4
812,0,0,0,0,0,0,1,0,0,16.6666666666659,4
813,0,0,0,0,0,0,1,0,1,-1.9999999999999,4
814,0,0,0,0,0,0,1,0,1.73205080756888,0.0833333333333293,4
815,0,0,0,0,0,0,1,1,-1,0.124999999999994,4
816,0,0,0,0,0,0,1,1,0,-1.9999999999999,4
817,0,0,0,0,0,0,1,1,1,0.124999999999994,4
818,0,0,0,0,0,0,1,1.73205080756888,0,0.0833333333333293,4
819,0,0,0,0,0,0,1.73205080756888,-1,0,0.0833333333333293,4
820,0,0,0,0,0,0,1.73205080756888,0,-1,0.0833333333333293,4
821,0,0,0,0,0,0,1.73205080756888,0,0,-1.33333333333327,4
822,0,0,0,0,0,0,1.73205080756888,0,1,0.0833333333333293,4
823,0,0,0,0,0,0,1.73205080756888,1,0,0.0833333333333293,4
824,0,0,0,0,0,0,2.33441421833898,0,0,0.0458758547680663,4
825,0,0,0,0,0,0.741963784302726,0,0,0,0.454124145231909,4
826,0,0,0,0,0,1,-1.73205080756888,0,0,0.0833333333333293,4
827,0,0,0,0,0,1,-1,-1,0,0.124999999999994,4
828,0,0,0,0,0,1,-1,0,-1,0.124999999999994,4
829,0,0,0,0,0,1,-1,0,0,-1.9999999999999,4
830,0,0,0,0,0,1,-1,0,1,0.124999999999994,4
831,0,0,0,0,0,1,-1,1,0,0.124999999999994,4
832,0,0,0,0,0,1,0,-1.73205080756888,0,0.0833333333333293,4
833,0,0,0,0,0,1,0,-1,-1,0.124999999999994,4
834,0,0,0,0,0,1,0,-1,0,-1.9999999999999,4
835,0,0,0,0,0,1,0,-1,1,0.124999999999994,4
836,0,0,0,0,0,1,0,0,-1.73205080756888,0.0833333333333293,4
837,0,0,0,0,0,1,0,0,-1,-1.9999999999999,4
838,0,0,0,0,0,1,0,0,0,16.6666666666659,4
839,0,0,0,0,0,1,0,0,1,-1.9999999999999,4
840,0,0,0,0,0,1,0,0,1.73205080756888,0.0833333333333293,4
841,0,0,0,0,0,1,0,1,-1,0.124999999999994,4
842,0,0,0,0,0,1,0,1,0,-1.9999999999999,4
843,0,0,0,0,0,1,0,1,1,0.124999999999994,4
844,0,0,0,0,0,1,0,1.73205080756888,0,0.0833333333333293,4
845,0,0,0,0,0,1,1,-1,0,0.124999999999994,4
846,0,0,0,0,0,1,1,0,-1,0.124999999999994,4
847,0,0,0,0,0,1,1,0,0,-1.9999999999999,4
848,0,0,0,0,0,1,1,0,1,0.124999999999994,4
849,0,0,0,0,0,1,1,1,0,0.124999999999994,4
850,0,0,0,0,0,1,1.73205080756888,0,0,0.0833333333333293,4
851,0,0,0,0,0,1.73205080756888,-1,0,0,0.0833333333333293,4
852,0,0,0,0,0,1.73205080756888,0,-1,0,0.0833333333333293,4
853,0,0,0,0,0,1.73205080756888,0,0,-1,0.0833333333333293,4
854,0,0,0,0,0,1.73205080756888,0,0,0,-1.33333333333327,4
855,0,0,0,0,0,1.73205080756888,0,0,1,0.0833333333333293,4
856,0,0,0,0,0,1.73205080756888,0,1,0,0.0833333333333293,4
857,0,0,0,0,0,1.73205080756888,1,0,0,0.0833333333333293,4
858,0,0,0,0,0,2.33441421833898,0,0,0,0.0458758547680663,4
859,0,0,0,0,0.741963784302726,0,0,0,0,0.454124145231909,4
860,0,0,0,0,1,-1.73205080756888,0,0,0,0.0833333333333293,4
861,0,0,0,0,1,-1,-1,0,0,0.124999999999994,4
862,0,0,0,0,1,-1,0,-1,0,0.124999999999994,4
863,0,0,0,0,1,-1,0,0,-1,0.124999999999994,4
864,0,0,0,0,1,-1,0,0,0,-1.9999999999999,4
865,0,0,0,0,1,-1,0,0,1,0.124999999999994,4
866,0,0,0,0,1,-1,0,1,0,0.124999999999994,4
867,0,0,0,0,1,-1,1,0,0,0.124999999999994,4
868,0,0,0,0,1,0,-1.73205080756888,0,0,0.0833333333333293,4
869,0,0,0,0,1,0,-1,-1,0,0.124999999999994,4
870,0,0,0,0,1,0,-1,0,-1,0.124999999999994,4
871,0,0,0,0,1,0,-1,0,0,-1.9999999999999,4
872,0,0,0,0,1,0,-1,0,1,0.124999999999994,4
873,0,0,0,0,1,0,-1,1,0,0.124999999999994,4
874,0,0,0,0,1,0,0,-1.73205080756888,0,0.0833333333333293,4
875,0,0,0,0,1,0,0,-1,-1,0.124999999999994,4
876,0,0,0,0,1,0,0,-1,0,-1.9999999999999,4
877,0,0,0,0,1,0,0,-1,1,0.124999999999994,4
878,0,0,0,0,1,0,0,0,-1.73205080756888,0.0833333333333293,4
879,0,0,0,0,1,0,0,0,-1,-1.9999999999999,4
880,0,0,0,0,1,0,0,0,0,16.6666666666659,4
881,0,0,0,0,1,0,0,0,1,-1.9999999999999,4
882,0,0,0,0,1,0,0,0,1.73205080756888,0.0833333333333293,4
883,0,0,0,0,1,0,0,1,-1,0.124999999999994,4
884,0,0,0,0,1,0,0,1,0,-1.9999999999999,4
885,0,0,0,0,1,0,0,1,1,0.124999999999994,4
886,0,0,0,0,1,0,0,1.73205080756888,0,0.0833333333333293,4
887,0,0,0,0,1,0,1,-1,0,0.124999999999994,4
888,0,0,0,0,1,0,1,0,-1,0.124999999999994,4
889,0,0,0,0,1,0,1,0,0,-1.9999999999999,4
890,0,0,0,0,1,0,1,0,1,0.124999999999994,4
891,0,0,0,0,1,0,1,1,0,0.124999999999994,4
892,0,0,0,0,1,0,1.73205080756888,0,0,0.0833333333333293,4
893,0,0,0,0,1,1,-1,0,0,0.124999999999994,4
894,0,0,0,0,1,1,0,-1,0,0.124999999999994,4
895,0,0,0,0,1,1,0,0,-1,0.124999999999994,4
896,0,0,0,0,1,1,0,0,0,-1.9999999999999,4
897,0,0,0,0,1,1,0,0,1,0.124999999999994,4
898,0,0,0,0,1,1,0,1,0,0.124999999999994,4
899,0,0,0,0,1,1,1,0,0,0.124999999999994,4
900,0,0,0,0,1,1.73205080756888,0,0,0,0.0833333333333293,4
901,0,0,0,0,1.73205080756888,-1,0,0,0,0.0833333333333293,4
902,0,0,0,0,1.73205080756888,0,-1,0,0,0.0833333333333293,4
903,0,0,0,0,1.73205080756888,0,0,-1,0,0.0833333333333293,4
904,0,0,0,0,1.73205080756888,0,0,0,-1,0.0833333333333293,4
905,0,0,0,0,1.73205080756888,0,0,0,0,-1.33333333333327,4
906,0,0,0,0,1.73205080756888,0,0,0,1,0.0833333333333293,4
907,0,0,0,0,1.73205080756888,0,0,1,0,0.0833333333333293,4
908,0,0,0,0,1.73205080756888,0,1,0,0,0.0833333333333293,4
909,0,0,0,0,1.73205080756888,1,0,0,0,0.0833333333333293,4
910,0,0,0,0,2.33441421833898,0,0,0,0,0.0458758547680663,4
911,0,0,0,0.741963784302726,0,0,0,0,0,0.454124145231909,4
912,0,0,0,1,-1.73205080756888,0,0,0,0,0.0833333333333293,4
913,0,0,0,1,-1,-1,0,0,0,0.124999999999994,4
914,0,0,0,1,-1,0,-1,0,0,0.124999999999994,4
915,0,0,0,1,-1,0,0,-1,0,0.124999999999994,4
916,0,0,0,1,-1,0,0,0,-1,0.124999999999994,4
917,0,0,0,1,-1,0,0,0,0,-1.9999999999999,4
918,0,0,0,1,-1,0,0,0,1,0.124999999999994,4
919,0,0,0,1,-1,0,0,1,0,0.124999999999994,4
920,0,0,0,1,-1,0,1,0,0,0.124999999999994,4
921,0,0,0,1,-1,1,0,0,0,0.124999999999994,4
922,0,0,0,1,0,-1.73205080756888,0,0,0,0.0833333333333293,4
923,0,0,0,1,0,-1,-1,0,0,0.124999999999994,4
924,0,0,0,1,0,-1,0,-1,0,0.124999999999994,4
925,0,0,0,1,0,-1,0,0,-1,0.124999999999994,4
926,0,0,0,1,0,-1,0,0,0,-1.9999999999999,4
927,0,0,0,1,0,-1,0,0,1,0.124999999999994,4
928,0,0,0,1,0,-1,0,1,0,0.124999999999994,4
929,0,0,0,1,0,-1,1,0,0,0.124999999999994,4
930,0,0,0,1,0,0,-1.73205080756888,0,0,0.0833333333333293,4
931,0,0,0,1,0,0,-1,-1,0,0.124999999999994,4
932,0,0,0,1,0,0,-1,0,-1,0.124999999999994,4
933,0,0,0,1,0,0,-1,0,0,-1.9999999999999,4
934,0,0,0,1,0,0,-1,0,1,0.124999999999994,4
935,0,0,0,1,0,0,-1,1,0,0.124999999999994,4
936,0,0,0,1,0,0,0,-1.73205080756888,0,0.0833333333333293,4
937,0,0,0,1,0,0,0,-1,-1,0.124999999999994,4
938,0,0,0,1,0,0,0,-1,0,-1.9999999999999,4
939,0,0,0,1,0,0,0,-1,1,0.124999999999994,4
940,0,0,0,1,0,0,0,0,-1.73205080756888,0.0833333333333293,4
941,0,0,0,1,0,0,0,0,-1,-1.9999999999999,4
942,0,0,0,1,0,0,0,0,0,16.6666666666659,4
943,0,0,0,1,0,0,0,0,1,-1.9999999999999,4
944,0,0,0,1,0,0,0,0,1.73205080756888,0.0833333333333293,4
945,0,0,0,1,0,0,0,1,-1,0.124999999999994,4
946,0,0,0,1,0,0,0,1,0,-1.9999999999999,4
947,0,0,0,1,0,0,0,1,1,0.124999999999994,4
948,0,0,0,1,0,0,0,1.73205080756888,0,0.0833333333333293,4
949,0,0,0,1,0,0,1,-1,0,0.124999999999994,4
950,0,0,0,1,0,0,1,0,-1,0.124999999999994,4
951,0,0,0,1,0,0,1,0,0,-1.9999999999999,4
952,0,0,0,1,0,0,1,0,1,0.124999999999994,4
953,0,0,0,1,0,0,1,1,0,0.124999999999994,4
954,0,0,0,1,0,0,1.73205080756888,0,0,0.0833333333333293,4
955,0,0,0,1,0,1,-1,0,0,0.124999999999994,4
956,0,0,0,1,0,1,0,-1,0,0.124999999999994,4
957,0,0,0,1,0,1,0,0,-1,0.124999999999994,4
958,0,0,0,1,0,1,0,0,0,-1.9999999999999,4
959,0,0,0,1,0,1,0,0,1,0.124999999999994,4
960,0,0,0,1,0,1,0,1,0,0.124999999999994,4
961,0,0,0,1,0,1,1,0,0,0.124999999999994,4
962,0,0,0,1,0,1.73205080756888,0,0,0,0.0833333333333293,4
963,0,0,0,1,1,-1,0,0,0,0.124999999999994,4
964,0,0,0,1,1,0,-1,0,0,0.124999999999994,4
965,0,0,0,1,1,0,0,-1,0,0.124999999999994,4
966,0,0,0,1,1,0,0,0,-1,0.124999999999994,4
967,0,0,0,1,1,0,0,0,0,-1.9999999999999,4
968,0,0,0,1,1,0,0,0,1,0.124999999999994,4
969,0,0,0,1,1,0,0,1,0,0.124999999999994,4
970,0,0,0,1,1,0,1,0,0,0.124999999999994,4
971,0,0,0,1,1,1,0,0,0,0.124999999999994,4
972,0,0,0,1,1.73205080756888,0,0,0,0,0.0833333333333293,4
973,0,0,0,1.73205080756888,-1,0,0,0,0,0.0833333333333293,4
974,0,0,0,1.73205080756888,0,-1,0,0,0,0.0833333333333293,4
975,0,0,0,1.73205080756888,0,0,-1,0,0,0.0833333333333293,4
976,0,0,0,1.73205080756888,0,0,0,-1,0,0.0833333333333293,4
977,0,0,0,1.73205080756888,0,0,0,0,-1,0.0833333333333293,4
978,0,0,0,1.73205080756888,0,0,0,0,0,-1.33333333333327,4
979,0,0,0,1.73205080756888,0,0,0,0,1,0.0833333333333293,4
980,0,0,0,1.73205080756888,0,0,0,1,0,0.0833333333333293,4
981,0,0,0,1.73205080756888,0,0,1,0,0,0.0833333333333293,4
982,0,0,0,1.73205080756888,0,1,0,0,0,0.0833333333333293,4
983,0,0,0,1.73205080756888,1,0,0,0,0,0.0833333333333293,4
984,0,0,0,2.33441421833898,0,0,0,0,0,0.0458758547680663,4
985,0,0,0.741963784302726,0,0,0,0,0,0,0.454124145231909,4
986,0,0,1,-1.73205080756888,0,0,0,0,0,0.0833333333333293,4
987,0,0,1,-1,-1,0,0,0,0,0.124999999999994,4
988,0,0,1,-1,0,-1,0,0,0,0.124999999999994,4
989,0,0,1,-1,0,0,-1,0,0,0.124999999999994,4
990,0,0,1,-1,0,0,0,-1,0,0.124999999999994,4
991,0,0,1,-1,0,0,0,0,-1,0.124999999999994,4
992,0,0,1,-1,0,0,0,0,0,-1.9999999999999,4
993,0,0,1,-1,0,0,0,0,1,0.124999999999994,4
994,0,0,1,-1,0,0,0,1,0,0.124999999999994,4
995,0,0,1,-1,0,0,1,0,0,0.124999999999994,4
996,0,0,1,-1,0,1,0,0,0,0.124999999999994,4
997,0,0,1,-1,1,0,0,0,0,0.124999999999994,4
998,0,0,1,0,-1.73205080756888,0,0,0,0,0.0833333333333293,4
999,0,0,1,0,-1,-1,0,0,0,0.124999999999994,4
1000,0,0,1,0,-1,0,-1,0,0,0.124999999999994,4
1001,0,0,1,0,-1,0,0,-1,0,0.124999999999994,4
1002,0,0,1,0,-1,0,0,0,-1,0.124999999999994,4
1003,0,0,1,0,-1,0,0,0,0,-1.9999999999999,4
1004,0,0,1,0,-1,0,0,0,1,0.124999999999994,4
1005,0,0,1,0,-1,0,0,1,0,0.124999999999994,4
1006,0,0,1,0,-1,0,1,0,0,0.124999999999994,4
1007,0,0,1,0,-1,1,0,0,0,0.124999999999994,4
1008,0,0,1,0,0,-1.73205080756888,0,0,0,0.0833333333333293,4
1009,0,0,1,0,0,-1,-1,0,0,0.124999999999994,4
1010,0,0,1,0,0,-1,0,-1,0,0.124999999999994,4
1011,0,0,1,0,0,-1,0,0,-1,0.124999999999994,4
1012,0,0,1,0,0,-1,0,0,0,-1.9999999999999,4
1013,0,0,1,0,0,-1,0,0,1,0.124999999999994,4
1014,0,0,1,0,0,-1,0,1,0,0.124999999999994,4
1015,0,0,1,0,0,-1,1,0,0,0.124999999999994,4
1016,0,0,1,0,0,0,-1.73205080756888,0,0,0.0833333333333293,4
1017,0,0,1,0,0,0,-1,-1,0,0.124999999999994,4
1018,0,0,1,0,0,0,-1,0,-1,0.124999999999994,4
1019,0,0,1,0,0,0,-1,0,0,-1.9999999999999,4
1020,0,0,1,0,0,0,-1,0,1,0.124999999999994,4
1021,0,0,1,0,0,0,-1,1,0,0.124999999999994,4
1022,0,0,1,0,0,0,0,-1.73205080756888,0,0.0833333333333293,4
1023,0,0,1,0,0,0,0,-1,-1,0.124999999999994,4
1024,0,0,1,0,0,0,0,-1,0,-1.9999999999999,4
1025,0,0,1,0,0,0,0,-1,1,0.124999999999994,4
1026,0,0,1,0,0,0,0,0,-1.73205080756888,0.0833333333333293,4
1027,0,0,1,0,0,0,0,0,-1,-1.9999999999999,4
1028,0,0,1,0,0,0,0,0,0,16.6666666666659,4
1029,0,0,1,0,0,0,0,0,1,-1.9999999999999,4
1030,0,0,1,0,0,0,0,0,1.73205080756888,0.0833333333333293,4
1031,0,0,1,0,0,0,0,1,-1,0.124999999999994,4
1032,0,0,1,0,0,0,0,1,0,-1.9999999999999,4
1033,0,0,1,0,0,0,0,1,1,0.124999999999994,4
1034,0,0,1,0,0,0,0,1.73205080756888,0,0.0833333333333293,4
1035,0,0,1,0,0,0,1,-1,0,0.124999999999994,4
1036,0,0,1,0,0,0,1,0,-1,0.124999999999994,4
1037,0,0,1,0,0,0,1,0,0,-1.9999999999999,4
1038,0,0,1,0,0,0,1,0,1,0.124999999999994,4
1039,0,0,1,0,0,0,1,1,0,0.124999999999994,4
1040,0,0,1,0,0,0,1.73205080756888,0,0,0.0833333333333293,4
1041,0,0,1,0,0,1,-1,0,0,0.124999999999994,4
1042,0,0,1,0,0,1,0,-1,0,0.124999999999994,4
1043,0,0,1,0,0,1,0,0,-1,0.124999999999994,4
1044,0,0,1,0,0,1,0,0,0,-1.9999999999999,4
1045,0,0,1,0,0,1,0,0,1,0.124999999999994,4
1046,0,0,1,0,0,1,0,1,0,0.124999999999994,4
1047,0,0,1,0,0,1,1,0,0,0.124999999999994,4
1048,0,0,1,0,0,1.73205080756888,0,0,0,0.0833333333333293,4
1049,0,0,1,0,1,-1,0,0,0,0.124999999999994,4
1050,0,0,1,0,1,0,-1,0,0,0.124999999999994,4
1051,0,0,1,0,1,0,0,-1,0,0.124999999999994,4
1052,0,0,1,0,1,0,0,0,-1,0.124999999999994,4
1053,0,0,1,0,1,0,0,0,0,-1.9999999999999,4
1054,0,0,1,0,1,0,0,0,1,0.124999999999994,4
1055,0,0,1,0,1,0,0,1,0,0.124999999999994,4
1056,0,0,1,0,1,0,1,0,0,0.124999999999994,4
1057,0,0,1,0,1,1,0,0,0,0.124999999999994,4
1058,0,0,1,0,1.73205080756888,0,0,0,0,0.0833333333333293,4
1059,0,0,1,1,-1,0,0,0,0,0.124999999999994,4
1060,0,0,1,1,0,-1,0,0,0,0.124999999999994,4
1061,0,0,1,1,0,0,-1,0,0,0.124999999999994,4
1062,0,0,1,1,0,0,0,-1,0,0.124999999999994,4
1063,0,0,1,1,0,0,0,0,-1,0.124999999999994,4
1064,0,0,1,1,0,0,0,0,0,-1.9999999999999,4
1065,0,0,1,1,0,0,0,0,1,0.124999999999994,4
1066,0,0,1,1,0,0,0,1,0,0.124999999999994,4
1067,0,0,1,1,0,0,1,0,0,0.124999999999994,4
1068,0,0,1,1,0,1,0,0,0,0.124999999999994,4
1069,0,0,1,1,1,0,0,0,0,0.124999999999994,4
1070,0,0,1,1.73205080756888,0,0,0,0,0,0.0833333333333293,4
1071,0,0,1.73205080756888,-1,0,0,0,0,0,0.0833333333333293,4
1072,0,0,1.73205080756888,0,-1,0,0,0,0,0.0833333333333293,4
1073,0,0,1.73205080756888,0,0,-1,0,0,0,0.0833333333333293,4
1074,0,0,1.73205080756888,0,0,0,-1,0,0,0.0833333333333293,4
1075,0,0,1.73205080756888,0,0,0,0,-1,0,0.0833333333333293,4
1076,0,0,1.73205080756888,0,0,0,0,0,-1,0.0833333333333293,4
1077,0,0,1.73205080756888,0,0,0,0,0,0,-1.33333333333327,4
1078,0,0,1.73205080756888,0,0,0,0,0,1,0.0833333333333293,4
1079,0,0,1.73205080756888,0,0,0,0,1,0,0.0833333333333293,4
1080,0,0,1.73205080756888,0,0,0,1,0,0,0.0833333333333293,4
1081,0,0,1.73205080756888,0,0,1,0,0,0,0.0833333333333293,4
1082,0,0,1.73205080756888,0,1,0,0,0,0,0.0833333333333293,4
1083,0,0,1.73205080756888,1,0,0,0,0,0,0.0833333333333293,4
1084,0,0,2.33441421833898,0,0,0,0,0,0,0.0458758547680663,4
1085,0,0.741963784302726,0,0,0,0,0,0,0,0.454124145231909,4
1086,0,1,-1.73205080756888,0,0,0,0,0,0,0.0833333333333293,4
1087,0,1,-1,-1,0,0,0,0,0,0.124999999999994,4
1088,0,1,-1,0,-1,0,0,0,0,0.124999999999994,4
1089,0,1,-1,0,0,-1,0,0,0,0.124999999999994,4
1090,0,1,-1,0,0,0,-1,0,0,0.124999999999994,4
1091,0,1,-1,0,0,0,0,-1,0,0.124999999999994,4
1092,0,1,-1,0,0,0,0,0,-1,0.124999999999994,4
1093,0,1,-1,0,0,0,0,0,0,-1.9999999999999,4
1094,0,1,-1,0,0,0,0,0,1,0.124999999999994,4
1095,0,1,-1,0,0,0,0,1,0,0.124999999999994,4
1096,0,1,-1,0,0,0,1,0,0,0.124999999999994,4
1097,0,1,-1,0,0,1,0,0,0,0.124999999999994,4
1098,0,1,-1,0,1,0,0,0,0,0.124999999999994,4
1099,0,1,-1,1,0,0,0,0,0,0.124999999999994,4
1100,0,1,0,-1.73205080756888,0,0,0,0,0,0.0833333333333293,4
1101,0,1,0,-1,-1,0,0,0,0,0.124999999999994,4
1102,0,1,0,-1,0,-1,0,0,0,0.124999999999994,4
1103,0,1,0,-1,0,0,-1,0,0,0.124999999999994,4
1104,0,1,0,-1,0,0,0,-1,0,0.124999999999994,4
1105,0,1,0,-1,0,0,0,0,-1,0.124999999999994,4
1106,0,1,0,-1,0,0,0,0,0,-1.9999999999999,4
1107,0,1,0,-1,0,0,0,0,1,0.124999999999994,4
1108,0,1,0,-1,0,0,0,1,0,0.124999999999994,4
1109,0,1,0,-1,0,0,1,0,0,0.124999999999994,4
1110,0,1,0,-1,0,1,0,0,0,0.124999999999994,4
1111,0,1,0,-1,1,0,0,0,0,0.124999999999994,4
1112,0,1,0,0,-1.73205080756888,0,0,0,0,0.0833333333333293,4
1113,0,1,0,0,-1,-1,0,0,0,0.124999999999994,4
1114,0,1,0,0,-1,0,-1,0,0,0.124999999999994,4
1115,0,1,0,0,-1,0,0,-1,0,0.124999999999994,4
1116,0,1,0,0,-1,0,0,0,-1,0.124999999999994,4
1117,0,1,0,0,-1,0,0,0,0,-1.9999999999999,4
1118,0,1,0,0,-1,0,0,0,1,0.124999999999994,4
1119,0,1,0,0,-1,0,0,1,0,0.124999999999994,4
1120,0,1,0,0,-1,0,1,0,0,0.124999999999994,4
1121,0,1,0,0,-1,1,0,0,0,0.124999999999994,4
1122,0,1,0,0,0,-1.73205080756888,0,0,0,0.0833333333333293,4
1123,0,1,0,0,0,-1,-1,0,0,0.124999999999994,4
1124,0,1,0,0,0,-1,0,-1,0,0.124999999999994,4
1125,0,1,0,0,0,-1,0,0,-1,0.124999999999994,4
1126,0,1,0,0,0,-1,0,0,0,-1.9999999999999,4
1127,0,1,0,0,0,-1,0,0,1,0.124999999999994,4
1128,0,1,0,0,0,-1,0,1,0,0.124999999999994,4
1129,0,1,0,0,0,-1,1,0,0,0.124999999999994,4
1130,0,1,0,0,0,0,-1.73205080756888,0,0,0.0833333333333293,4
1131,0,1,0,0,0,0,-1,-1,0,0.124999999999994,4
1132,0,1,0,0,0,0,-1,0,-1,0.124999999999994,4
1133,0,1,0,0,0,0,-1,0,0,-1.9999999999999,4
1134,0,1,0,0,0,0,-1,0,1,0.124999999999994,4
1135,0,1,0,0,0,0,-1,1,0,0.124999999999994,4
1136,0,1,0,0,0,0,0,-1.73205080756888,0,0.0833333333333293,4
1137,0,1,0,0,0,0,0,-1,-1,0.124999999999994,4
1138,0,1,0,0,0,0,0,-1,0,-1.9999999999999,4
1139,0,1,0,0,0,0,0,-1,1,0.124999999999994,4
1140,0,1,0,0,0,0,0,0,-1.73205080756888,0.0833333333333293,4
1141,0,1,0,0,0,0,0,0,-1,-1.9999999999999,4
1142,0,1,0,0,0,0,0,0,0,16.6666666666659,4
1143,0,1,0,0,0,0,0,0,1,-1.9999999999999,4
1144,0,1,0,0,0,0,0,0,1.73205080756888,0.0833333333333293,4
1145,0,1,0,0,0,0,0,1,-1,0.124999999999994,4
1146,0,1,0,0,0,0,0,1,0,-1.9999999999999,4
1147,0,1,0,0,0,0,0,1,1,0.124999999999994,4
1148,0,1,0,0,0,0,0,1.73205080756888,0,0.0833333333333293,4
1149,0,1,0,0,0,0,1,-1,0,0.124999999999994,4
1150,0,1,0,0,0,0,1,0,-1,0.124999999999994,4
1151,0,1,0,0,0,0,1,0,0,-1.9999999999999,4
1152,0,1,0,0,0,0,1,0,1,0.124999999999994,4
1153,0,1,0,0,0,0,1,1,0,0.124999999999994,4
1154,0,1,0,0,0,0,1.73205080756888,0,0,0.0833333333333293,4
1155,0,1,0,0,0,1,-1,0,0,0.124999999999994,4
1156,0,1,0,0,0,1,0,-1,0,0.124999999999994,4
1157,0,1,0,0,0,1,0,0,-1,0.124999999999994,4
1158,0,1,0,0,0,1,0,0,0,-1.9999999999999,4
1159,0,1,0,0,0,1,0,0,1,0.124999999999994,4
1160,0,1,0,0,0,1,0,1,0,0.124999999999994,4
1161,0,1,0,0,0,1,1,0,0,0.124999999999994,4
1162,0,1,0,0,0,1.73205080756888,0,0,0,0.0833333333333293,4
1163,0,1,0,0,1,-1,0,0,0,0.124999999999994,4
1164,0,1,0,0,1,0,-1,0,0,0.124999999999994,4
1165,0,1,0,0,1,0,0,-1,0,0.124999999999994,4
1166,0,1,0,0,1,0,0,0,-1,0.124999999999994,4
1167,0,1,0,0,1,0,0,0,0,-1.9999999999999,4
1168,0,1,0,0,1,0,0,0,1,0.124999999999994,4
1169,0,1,0,0,1,0,0,1,0,0.124999999999994,4
1170,0,1,0,0,1,0,1,0,0,0.124999999999994,4
1171,0,1,0,0,1,1,0,0,0,0.124999999999994,4
1172,0,1,0,0,1.73205080756888,0,0,0,0,0.0833333333333293,4
1173,0,1,0,1,-1,0,0,0,0,0.124999999999994,4
1174,0,1,0,1,0,-1,0,0,0,0.124999999999994,4
1175,0,1,0,1,0,0,-1,0,0,0.124999999999994,4
1176,0,1,0,1,0,0,0,-1,0,0.124999999999994,4
1177,0,1,0,1,0,0,0,0,-1,0.124999999999994,4
1178,0,1,0,1,0,0,0,0,0,-1.9999999999999,4
1179,0,1,0,1,0,0,0,0,1,0.124999999999994,4
1180,0,1,0,1,0,0,0,1,0,0.124999999999994,4
1181,0,1,0,1,0,0,1,0,0,0.124999999999994,4
1182,0,1,0,1,0,1,0,0,0,0.124999999999994,4
1183,0,1,0,1,1,0,0,0,0,0.124999999999994,4
1184,0,1,0,1.73205080756888,0,0,0,0,0,0.0833333333333293,4
1185,0,1,1,-1,0,0,0,0,0,0.124999999999994,4
1186,0,1,1,0,-1,0,0,0,0,0.124999999999994,4
1187,0,1,1,0,0,-1,0,0,0,0.124999999999994,4
1188,0,1,1,0,0,0,-1,0,0,0.124999999999994,4
1189,0,1,1,0,0,0,0,-1,0,0.124999999999994,4
1190,0,1,1,0,0,0,0,0,-1,0.124999999999994,4
1191,0,1,1,0,0,0,0,0,0,-1.9999999999999,4
1192,0,1,1,0,0,0,0,0,1,0.124999999999994,4
1193,0,1,1,0,0,0,0,1,0,0.124999999999994,4
1194,0,1,1,0,0,0,1,0,0,0.124999999999994,4
1195,0,1,1,0,0,1,0,0,0,0.124999999999994,4
1196,0,1,1,0,1,0,0,0,0,0.124999999999994,4
1197,0,1,1,1,0,0,0,0,0,0.124999999999994,4
1198,0,1,1.73205080756888,0,0,0,0,0,0,0.0833333333333293,4
1199,0,1.73205080756888,-1,0,0,0,0,0,0,0.0833333333333293,4
1200,0,1.73205080756888,0,-1,0,0,0,0,0,0.0833333333333293,4
1201,0,1.73205080756888,0,0,-1,0,0,0,0,0.0833333333333293,4
1202,0,1.73205080756888,0,0,0,-1,0,0,0,0.0833333333333293,4
1203,0,1.73205080756888,0,0,0,0,-1,0,0,0.0833333333333293,4
1204,0,1.73205080756888,0,0,0,0,0,-1,0,0.0833333333333293,4
1205,0,1.73205080756888,0,0,0,0,0,0,-1,0.0833333333333293,4
1206,0,1.73205080756888,0,0,0,0,0,0,0,-1.33333333333327,4
1207,0,1.73205080756888,0,0,0,0,0,0,1,0.0833333333333293,4
1208,0,1.73205080756888,0,0,0,0,0,1,0,0.0833333333333293,4
1209,0,1.73205080756888,0,0,0,0,1,0,0,0.0833333333333293,4
1210,0,1.73205080756888,0,0,0,1,0,0,0,0.0833333333333293,4
1211,0,1.73205080756888,0,0,1,0,0,0,0,0.0833333333333293,4
1212,0,1.73205080756888,0,1,0,0,0,0,0,0.0833333333333293,4
1213,0,1.73205080756888,1,0,0,0,0,0,0,0.0833333333333293,4
1214,0,2.33441421833898,0,0,0,0,0,0,0,0.0458758547680663,4
1215,0.741963784302726,0,0,0,0,0,0,0,0,0.454124145231909,4
1216,1,-1.73205080756888,0,0,0,0,0,0,0,0.0833333333333293,4
1217,1,-1,-1,0,0,0,0,0,0,0.124999999999994,4
1218,1,-1,0,-1,0,0,0,0,0,0.124999999999994,4
1219,1,-1,0,0,-1,0,0,0,0,0.124999999999994,4
1220,1,-1,0,0,0,-1,0,0,0,0.124999999999994,4
1221,1,-1,0,0,0,0,-1,0,0,0.124999999999994,4
1222,1,-1,0,0,0,0,0,-1,0,0.124999999999994,4
1223,1,-1,0,0,0,0,0,0,-1,0.124999999999994,4
1224,1,-1,0,0,0,0,0,0,0,-1.9999999999999,4
1225,1,-1,0,0,0,0,0,0,1,0.124999999999994,4
1226,1,-1,0,0,0,0,0,1,0,0.124999999999994,4
1227,1,-1,0,0,0,0,1,0,0,0.124999999999994,4
1228,1,-1,0,0,0,1,0,0,0,0.124999999999994,4
1229,1,-1,0,0,1,0,0,0,0,0.124999999999994,4
1230,1,-1,0,1,0,0,0,0,0,0.124999999999994,4
1231,1,-1,1,0,0,0,0,0,0,0.124999999999994,4
1232,1,0,-1.73205080756888,0,0,0,0,0,0,0.0833333333333293,4
1233,1,0,-1,-1,0,0,0,0,0,0.124999999999994,4
1234,1,0,-1,0,-1,0,0,0,0,0.124999999999994,4
1235,1,0,-1,0,0,-1,0,0,0,0.124999999999994,4
1236,1,0,-1,0,0,0,-1,0,0,0.124999999999994,4
1237,1,0,-1,0,0,0,0,-1,0,0.124999999999994,4
1238,1,0,-1,0,0,0,0,0,-1,0.124999999999994,4
1239,1,0,-1,0,0,0,0,0,0,-1.9999999999999,4
1240,1,0,-1,0,0,0,0,0,1,0.124999999999994,4
1241,1,0,-1,0,0,0,0,1,0,0.124999999999994,4
1242,1,0,-1,0,0,0,1,0,0,0.124999999999994,4
1243,1,0,-1,0,0,1,0,0,0,0.124999999999994,4
1244,1,0,-1,0,1,0,0,0,0,0.124999999999994,4
1245,1,0,-1,1,0,0,0,0,0,0.124999999999994,4
1246,1,0,0,-1.73205080756888,0,0,0,0,0,0.0833333333333293,4
1247,1,0,0,-1,-1,0,0,0,0,0.124999999999994,4
1248,1,0,0,-1,0,-1,0,0,0,0.124999999999994,4
1249,1,0,0,-1,0,0,-1,0,0,0.124999999999994,4
1250,1,0,0,-1,0,0,0,-1,0,0.124999999999994,4
1251,1,0,0,-1,0,0,0,0,-1,0.124999999999994,4
1252,1,0,0,-1,0,0,0,0,0,-1.9999999999999,4
1253,1,0,0,-1,0,0,0,0,1,0.124999999999994,4
1254,1,0,0,-1,0,0,0,1,0,0.124999999999994,4
1255,1,0,0,-1,0,0,1,0,0,0.124999999999994,4
1256,1,0,0,-1,0,1,0,0,0,0.124999999999994,4
1257,1,0,0,-1,1,0,0,0,0,0.124999999999994,4
1258,1,0,0,0,-1.73205080756888,0,0,0,0,0.0833333333333293,4
1259,1,0,0,0,-1,-1,0,0,0,0.124999999999994,4
1260,1,0,0,0,-1,0,-1,0,0,0.124999999999994,4
1261,1,0,0,0,-1,0,0,-1,0,0.124999999999994,4
1262,1,0,0,0,-1,0,0,0,-1,0.124999999999994,4
1263,1,0,0,0,-1,0,0,0,0,-1.9999999999999,4
1264,1,0,0,0,-1,0,0,0,1,0.124999999999994,4
1265,1,0,0,0,-1,0,0,1,0,0.124999999999994,4
1266,1,0,0,0,-1,0,1,0,0,0.124999999999994,4
1267,1,0,0,0,-1,1,0,0,0,0.124999999999994,4
1268,1,0,0,0,0,-1.73205080756888,0,0,0,0.0833333333333293,4
1269,1,0,0,0,0,-1,-1,0,0,0.124999999999994,4
1270,1,0,0,0,0,-1,0,-1,0,0.124999999999994,4
1271,1,0,0,0,0,-1,0,0,-1,0.124999999999994,4
1272,1,0,0,0,0,-1,0,0,0,-1.9999999999999,4
1273,1,0,0,0,0,-1,0,0,1,0.124999999999994,4
1274,1,0,0,0,0,-1,0,1,0,0.124999999999994,4
1275,1,0,0,0,0,-1,1,0,0,0.124999999999994,4
1276,1,0,0,0,0,0,-1.73205080756888,0,0,0.0833333333333293,4
1277,1,0,0,0,0,0,-1,-1,0,0.124999999999994,4
1278,1,0,0,0,0,0,-1,0,-1,0.124999999999994,4
1279,1,0,0,0,0,0,-1,0,0,-1.9999999999999,4
1280,1,0,0,0,0,0,-1,0,1,0.124999999999994,4
1281,1,0,0,0,0,0,-1,1,0,0.124999999999994,4
1282,1,0,0,0,0,0,0,-1.73205080756888,0,0.0833333333333293,4
1283,1,0,0,0,0,0,0,-1,-1,0.124999999999994,4
1284,1,0,0,0,0,0,0,-1,0,-1.9999999999999,4
1285,1,0,0,0,0,0,0,-1,1,0.124999999999994,4
1286,1,0,0,0,0,0,0,0,-1.73205080756888,0.0833333333333293,4
1287,1,0,0,0,0,0,0,0,-1,-1.9999999999999,4
1288,1,0,0,0,0,0,0,0,0,16.6666666666659,4
1289,1,0,0,0,0,0,0,0,1,-1.9999999999999,4
1290,1,0,0,0,0,0,0,0,1.73205080756888,0.0833333333333293,4
1291,1,0,0,0,0,0,0,1,-1,0.124999999999994,4
1292,1,0,0,0,0,0,0,1,0,-1.9999999999999,4
1293,1,0,0,0,0,0,0,1,1,0.124999999999994,4
1294,1,0,0,0,0,0,0,1.73205080756888,0,0.0833333333333293,4
1295,1,0,0,0,0,0,1,-1,0,0.124999999999994,4
1296,1,0,0,0,0,0,1,0,-1,0.124999999999994,4
1297,1,0,0,0,0,0,1,0,0,-1.9999999999999,4
1298,1,0,0,0,0,0,1,0,1,0.124999999999994,4
1299,1,0,0,0,0,0,1,1,0,0.124999999999994,4
1300,1,0,0,0,0,0,1.73205080756888,0,0,0.0833333333333293,4
1301,1,0,0,0,0,1,-1,0,0,0.124999999999994,4
1302,1,0,0,0,0,1,0,-1,0,0.124999999999994,4
1303,1,0,0,0,0,1,0,0,-1,0.124999999999994,4
1304,1,0,0,0,0,1,0,0,0,-1.9999999999999,4
1305,1,0,0,0,0,1,0,0,1,0.124999999999994,4
1306,1,0,0,0,0,1,0,1,0,0.124999999999994,4
1307,1,0,0,0,0,1,1,0,0,0.124999999999994,4
1308,1,0,0,0,0,1.73205080756888,0,0,0,0.0833333333333293,4
1309,1,0,0,0,1,-1,0,0,0,0.124999999999994,4
1310,1,0,0,0,1,0,-1,0,0,0.124999999999994,4
1311,1,0,0,0,1,0,0,-1,0,0.124999999999994,4
1312,1,0,0,0,1,0,0,0,-1,0.124999999999994,4
1313,1,0,0,0,1,0,0,0,0,-1.9999999999999,4
1314,1,0,0,0,1,0,0,0,1,0.124999999999994,4
1315,1,0,0,0,1,0,0,1,0,0.124999999999994,4
1316,1,0,0,0,1,0,1,0,0,0.124999999999994,4
1317,1,0,0,0,1,1,0,0,0,0.124999999999994,4
1318,1,0,0,0,1.73205080756888,0,0,0,0,0.0833333333333293,4
1319,1,0,0,1,-1,0,0,0,0,0.124999999999994,4
1320,1,0,0,1,0,-1,0,0,0,0.124999999999994,4
1321,1,0,0,1,0,0,-1,0,0,0.124999999999994,4
1322,1,0,0,1,0,0,0,-1,0,0.124999999999994,4
1323,1,0,0,1,0,0,0,0,-1,0.124999999999994,4
1324,1,0,0,1,0,0,0,0,0,-1.9999999999999,4
1325,1,0,0,1,0,0,0,0,1,0.124999999999994,4
1326,1,0,0,1,0,0,0,1,0,0.124999999999994,4
1327,1,0,0,1,0,0,1,0,0,0.124999999999994,4
1328,1,0,0,1,0,1,0,0,0,0.124999999999994,4
1329,1,0,0,1,1,0,0,0,0,0.124999999999994,4
1330,1,0,0,1.73205080756888,0,0,0,0,0,0.0833333333333293,4
1331,1,0,1,-1,0,0,0,0,0,0.124999999999994,4
1332,1,0,1,0,-1,0,0,0,0,0.124999999999994,4
1333,1,0,1,0,0,-1,0,0,0,0.124999999999994,4
1334,1,0,1,0,0,0,-1,0,0,0.124999999999994,4
1335,1,0,1,0,0,0,0,-1,0,0.124999999999994,4
1336,1,0,1,0,0,0,0,0,-1,0.124999999999994,4
1337,1,0,1,0,0,0,0,0,0,-1.9999999999999,4
1338,1,0,1,0,0,0,0,0,1,0.124999999999994,4
1339,1,0,1,0,0,0,0,1,0,0.124999999999994,4
1340,1,0,1,0,0,0,1,0,0,0.124999999999994,4
1341,1,0,1,0,0,1,0,0,0,0.124999999999994,4
1342,1,0,1,0,1,0,0,0,0,0.124999999999994,4
1343,1,0,1,1,0,0,0,0,0,0.124999999999994,4
1344,1,0,1.73205080756888,0,0,0,0,0,0,0.0833333333333293,4
1345,1,1,-1,0,0,0,0,0,0,0.124999999999994,4
1346,1,1,0,-1,0,0,0,0,0,0.124999999999994,4
1347,1,1,0,0,-1,0,0,0,0,0.124999999999994,4
1348,1,1,0,0,0,-1,0,0,0,0.124999999999994,4
1349,1,1,0,0,0,0,-1,0,0,0.124999999999994,4
1350,1,1,0,0,0,0,0,-1,0,0.124999999999994,4
1351,1,1,0,0,0,0,0,0,-1,0.124999999999994,4
1352,1,1,0,0,0,0,0,0,0,-1.9999999999999,4
1353,1,1,0,0,0,0,0,0,1,0.124999999999994,4
1354,1,1,0,0,0,0,0,1,0,0.124999999999994,4
1355,1,1,0,0,0,0,1,0,0,0.124999999999994,4
1356,1,1,0,0,0,1,0,0,0,0.124999999999994,4
1357,1,1,0,0,1,0,0,0,0,0.124999999999994,4
1358,1,1,0,1,0,0,0,0,0,0.124999999999994,4
1359,1,1,1,0,0,0,0,0,0,0.124999999999994,4
1360,1,1.73205080756888,0,0,0,0,0,0,0,0.0833333333333293,4
1361,1.73205080756888,-1,0,0,0,0,0,0,0,0.0833333333333293,4
1362,1.73205080756888,0,-1,0,0,0,0,0,0,0.0833333333333293,4
1363,1.73205080756888,0,0,-1,0,0,0,0,0,0.0833333333333293,4
1364,1.73205080756888,0,0,0,-1,0,0,0,0,0.0833333333333293,4
1365,1.73205080756888,0,0,0,0,-1,0,0,0,0.0833333333333293,4
1366,1.73205080756888,0,0,0,0,0,-1,0,0,0.0833333333333293,4
1367,1.73205080756888,0,0,0,0,0,0,-1,0,0.0833333333333293,4
1368,1.73205080756888,0,0,0,0,0,0,0,-1,0.0833333333333293,4
1369,1.73205080756888,0,0,0,0,0,0,0,0,-1.33333333333327,4
1370,1.73205080756888,0,0,0,0,0,0,0,1,0.0833333333333293,4
1371,1.73205080756888,0,0,0,0,0,0,1,0,0.0833333333333293,4
1372,1.73205080756888,0,0,0,0,0,1,0,0,0.0833333333333293,4
1373,1.73205080756888,0,0,0,0,1,0,0,0,0.0833333333333293,4
1374,1.73205080756888,0,0,0,1,0,0,0,0,0.0833333333333293,4
1375,1.73205080756888,0,0,1,0,0,0,0,0,0.0833333333333293,4
1376,1.73205080756888,0,1,0,0,0,0,0,0,0.0833333333333293,4
1377,1.73205080756888,1,0,0,0,0,0,0,0,0.0833333333333293,4
1378,2.33441421833898,0,0,0,0,0,0,0,0,0.0458758547680663,4
